y1;y2;y3;votou2010;denuncia;corrup_lavajato;corrup_ou_incomp;novo_politica;militar;lula;demo_dita;escola;rendaf;cor;idade1;idade;sexo
1;5;5;1;1;1;1;1;1;1;2;5;3;3;24;1;1
1;3;3;2;.;3;.;3;3;2;.;3;1;3;29;2;2
4;4;4;2;1;1;1;3;1;2;1;1;1;2;71;5;1
2;2;5;3;1;3;2;1;1;1;3;4;1;1;54;4;1
1;5;5;2;2;3;1;3;3;2;1;6;2;3;50;4;1
2;4;2;3;1;1;1;3;3;1;1;4;3;1;17;1;1
5;5;4;2;1;2;1;1;2;1;2;2;1;3;42;3;2
5;4;5;2;1;1;1;2;1;2;1;1;1;1;36;3;2
1;5;5;3;1;3;1;1;2;2;1;1;1;1;53;4;1
1;5;5;1;1;1;1;2;1;1;1;7;3;3;45;4;1
1;2;5;2;1;1;2;3;3;1;3;5;2;1;53;4;1
4;1;5;2;1;3;1;3;3;2;1;5;1;1;27;2;2
1;4;4;1;1;.;1;3;3;1;2;4;1;3;16;1;1
5;5;5;1;1;2;2;2;2;1;2;5;1;3;60;5;2
2;.;5;1;1;.;1;.;.;.;.;1;1;98;61;5;2
4;2;4;1;1;3;.;2;3;1;3;2;1;1;57;4;1
5;5;3;3;1;1;1;2;3;1;1;5;3;3;24;1;1
1;4;5;2;1;1;1;3;3;2;1;1;1;3;55;4;2
1;5;2;3;1;1;1;1;1;1;1;4;1;2;27;2;1
5;4;5;3;1;3;2;3;3;2;3;2;1;5;16;1;1
1;5;5;3;1;1;1;3;3;1;1;6;3;3;37;3;2
1;5;5;2;1;3;1;1;3;1;1;4;1;3;28;2;2
1;5;5;1;1;1;1;2;2;1;2;5;4;3;50;4;1
3;3;5;2;1;3;2;3;3;2;3;2;1;98;60;5;2
2;5;5;2;1;3;2;3;3;2;2;1;1;3;59;4;1
2;2;3;3;1;1;1;1;3;1;2;2;1;3;19;1;2
1;5;5;2;1;3;1;1;1;2;3;5;1;1;39;3;1
1;5;5;1;1;3;2;2;2;1;1;2;3;1;64;5;1
2;5;5;2;2;1;2;1;1;2;2;1;1;1;48;4;2
5;3;4;1;1;3;1;2;2;1;3;5;1;3;21;1;2
1;5;4;3;1;1;1;3;1;2;3;5;1;1;48;4;1
1;5;5;2;1;3;1;3;3;2;1;5;4;2;59;4;2
2;5;3;2;1;1;1;2;2;2;1;5;1;2;45;4;2
4;5;5;3;1;3;1;3;3;2;1;5;1;5;21;1;2
5;1;5;2;1;3;1;1;1;2;3;5;1;2;24;1;1
1;5;5;2;1;1;1;2;2;1;2;6;4;1;43;3;1
1;4;5;3;.;3;2;1;3;2;3;2;1;98;46;4;2
1;2;5;2;1;1;1;3;3;2;3;8;4;3;23;1;1
1;5;5;3;.;3;2;3;1;1;3;2;.;1;16;1;1
1;5;5;2;2;3;2;3;3;2;1;5;1;3;35;3;2
1;5;5;2;1;3;1;1;1;2;2;6;3;5;79;5;1
1;5;5;3;1;3;1;1;3;1;1;4;4;1;17;1;1
4;1;5;2;1;3;1;2;2;2;2;6;1;1;21;1;2
1;5;5;2;1;1;1;2;1;2;1;1;1;3;35;3;2
2;2;5;2;1;3;1;1;2;2;3;2;1;2;66;5;2
1;5;5;2;1;3;1;3;3;2;1;5;1;3;41;3;2
5;2;5;2;1;1;2;3;3;2;.;2;1;1;39;3;1
1;5;5;2;1;1;2;3;3;1;1;5;2;3;53;4;2
1;2;2;3;1;1;2;3;2;2;3;3;1;3;19;1;2
1;4;3;1;1;3;1;2;2;1;1;6;1;3;24;1;1
1;5;5;2;1;3;1;3;3;2;1;2;2;3;33;2;1
4;4;5;2;1;2;1;3;2;2;2;2;1;5;30;2;2
1;5;3;1;2;1;2;2;1;1;1;4;3;3;45;4;2
1;5;3;1;1;3;1;3;3;2;2;5;1;4;28;2;1
5;1;5;3;1;1;2;2;1;2;2;2;1;3;39;3;2
1;5;.;3;.;.;.;3;3;.;.;3;2;1;51;4;2
2;2;5;2;1;3;1;3;3;2;1;5;1;2;28;2;2
1;5;5;1;1;2;1;3;3;2;1;3;1;2;56;4;1
5;4;5;2;.;3;.;3;3;2;.;1;1;3;43;3;2
5;5;4;1;.;1;.;1;1;2;2;1;2;3;46;4;2
5;4;3;2;1;3;2;1;2;2;3;2;1;3;48;4;2
5;5;5;3;1;2;1;1;1;2;1;1;.;2;60;5;2
1;5;5;2;1;1;2;1;1;2;3;4;1;2;58;4;1
4;4;3;1;2;1;1;3;1;1;3;5;1;1;69;5;1
2;1;4;2;1;1;1;1;1;1;2;2;1;1;44;3;2
2;1;5;3;1;1;1;3;3;2;1;2;3;98;46;4;1
2;1;5;1;1;1;1;2;3;2;1;5;3;3;35;3;1
4;1;4;2;1;3;2;2;2;1;1;5;3;2;23;1;1
1;5;5;2;1;3;1;1;1;1;2;2;.;1;51;4;2
1;5;3;3;1;1;2;2;1;2;3;2;1;1;16;1;2
1;5;5;2;1;1;1;3;3;1;1;2;1;3;54;4;1
5;1;5;3;.;2;1;.;1;2;.;2;1;98;51;4;2
1;5;4;1;1;1;1;3;3;1;1;7;4;2;70;5;1
1;5;5;2;1;1;2;3;1;2;3;5;1;3;28;2;1
1;5;5;1;1;1;1;2;3;1;1;5;4;3;60;5;1
1;5;3;3;1;2;1;1;3;1;2;7;1;2;47;4;2
1;5;3;2;1;1;1;3;3;2;3;2;1;2;56;4;1
1;5;5;1;1;3;2;3;3;1;1;7;2;2;27;2;2
1;5;4;2;1;1;2;1;1;2;1;2;1;1;33;2;1
1;4;3;2;2;1;2;2;3;1;2;5;4;1;51;4;2
.;5;5;1;1;1;.;.;.;2;1;1;.;2;57;4;2
5;1;5;2;1;1;1;1;1;2;1;2;2;3;64;5;1
5;1;3;2;1;3;2;2;1;1;3;1;2;98;64;5;1
1;5;5;2;1;1;1;2;2;1;1;5;1;3;51;4;2
5;1;5;2;1;1;1;3;1;2;1;2;1;2;41;3;1
1;5;5;1;1;3;.;1;1;1;1;3;1;1;61;5;2
1;5;5;3;2;1;1;3;3;1;1;6;3;3;61;5;1
1;4;3;1;.;1;2;1;1;1;1;2;1;1;78;5;2
1;5;5;1;1;3;2;2;1;2;1;2;2;1;62;5;1
2;5;3;1;1;1;2;1;1;1;1;2;1;1;78;5;2
5;5;5;2;1;1;1;1;2;1;3;4;3;1;54;4;2
1;5;5;3;1;3;1;3;1;1;2;8;4;1;29;2;1
5;5;5;3;1;3;1;2;3;1;1;2;1;3;48;4;2
1;5;5;1;1;1;1;2;3;1;1;5;1;1;31;2;2
5;5;3;1;1;1;2;3;3;2;3;1;2;3;69;5;1
1;5;5;3;1;1;1;3;3;1;1;5;3;3;30;2;2
1;5;5;2;1;1;1;2;1;2;2;2;2;98;48;4;1
1;5;5;1;1;1;2;2;2;2;1;6;1;4;26;2;1
1;5;5;2;1;3;1;3;2;2;1;1;1;4;56;4;2
1;5;5;2;1;1;1;1;3;1;1;5;2;3;50;4;1
1;5;3;1;1;3;2;2;3;1;1;2;2;1;67;5;1
1;5;5;1;1;1;2;2;1;1;3;7;5;3;60;5;2
1;5;5;1;1;3;1;3;2;1;1;6;4;3;21;1;1
4;1;3;1;2;1;1;1;3;2;1;2;2;3;61;5;1
1;5;3;2;1;2;2;1;3;1;1;2;3;2;37;3;2
5;5;5;1;1;3;2;3;3;2;1;5;1;98;47;4;1
1;5;5;2;1;2;2;1;3;2;1;2;1;98;71;5;1
1;5;4;2;1;1;1;1;1;1;1;5;7;1;52;4;1
1;5;4;2;1;1;1;2;3;1;1;6;1;1;36;3;2
1;1;5;1;1;3;1;3;3;2;1;5;4;2;24;1;1
2;1;4;2;1;1;1;3;1;1;3;5;1;3;36;3;1
4;4;5;1;1;2;2;3;3;1;1;5;4;3;37;3;1
5;4;5;1;1;1;1;2;3;1;1;5;2;3;42;3;2
1;5;3;1;1;1;1;3;2;1;1;5;2;3;24;1;1
1;5;5;2;1;1;1;2;2;2;1;8;4;1;59;4;2
1;.;3;3;1;1;1;3;2;1;2;5;1;1;70;5;2
1;5;5;1;1;1;1;1;2;1;1;4;2;3;37;3;2
1;4;4;3;1;3;1;2;3;1;1;8;4;3;29;2;2
5;2;4;2;1;1;1;3;3;1;1;5;1;1;47;4;2
4;1;3;2;1;3;1;2;1;1;1;5;3;3;49;4;1
1;5;5;3;1;1;1;2;2;1;3;7;4;3;34;2;1
5;5;3;3;1;1;1;3;3;1;3;1;1;1;71;5;2
1;5;3;1;2;1;1;1;1;1;1;1;2;3;70;5;1
5;5;3;2;1;1;1;2;.;.;1;2;1;3;46;4;2
1;5;.;2;.;.;.;3;1;.;3;1;1;3;69;5;2
1;1;5;2;1;1;1;1;3;2;1;5;1;3;38;3;1
1;5;.;3;1;3;1;3;3;1;.;3;1;3;73;5;2
1;5;4;2;1;1;1;3;3;1;1;7;3;3;36;3;1
1;1;4;2;2;1;1;3;1;2;2;4;1;3;29;2;2
5;2;5;2;1;3;1;3;3;1;1;2;1;1;31;2;2
1;5;5;3;1;1;1;2;1;1;1;5;1;3;18;1;2
2;2;3;3;1;1;1;1;3;2;1;7;3;1;34;2;2
1;2;3;2;1;3;2;3;3;2;1;4;2;3;63;5;1
2;4;3;3;1;.;2;1;.;2;3;1;1;3;32;2;2
1;5;5;2;1;2;1;2;1;2;1;8;3;3;58;4;2
1;5;4;3;1;.;2;3;1;1;3;2;1;3;72;5;2
1;5;5;3;1;1;1;1;3;1;3;5;2;3;39;3;1
1;5;3;3;1;1;1;2;3;1;1;5;3;1;23;1;1
1;4;3;2;1;.;1;1;3;2;3;2;1;1;29;2;2
1;5;3;1;1;3;2;1;1;1;2;5;4;1;52;4;1
1;5;3;3;2;1;1;2;2;1;1;5;3;1;18;1;1
1;2;5;2;1;3;2;3;3;2;1;1;1;3;54;4;1
1;1;5;2;1;1;1;1;3;2;1;5;3;2;36;3;1
2;4;5;3;1;3;1;2;2;2;3;4;1;1;21;1;2
5;5;5;1;1;3;1;3;2;1;3;5;3;3;52;4;2
1;5;5;3;1;3;1;3;3;1;3;2;3;2;45;4;2
5;1;5;3;1;1;1;3;3;2;3;2;1;4;18;1;2
1;5;5;1;1;3;2;2;3;1;1;5;1;1;64;5;2
5;5;4;2;1;1;1;3;3;2;1;5;1;3;30;2;2
1;5;5;3;1;1;1;1;2;1;2;5;1;3;61;5;2
1;1;5;2;1;1;2;3;1;1;3;2;3;1;43;3;1
1;2;4;1;1;1;2;2;1;1;1;1;1;4;78;5;1
1;2;5;2;1;3;1;2;2;1;1;5;3;3;18;1;1
1;5;4;2;1;3;2;3;3;1;3;4;1;3;28;2;2
4;2;4;2;1;1;2;2;2;2;1;3;1;3;53;4;1
1;5;5;2;1;1;1;3;2;2;1;5;3;2;36;3;2
4;4;2;1;2;3;2;3;3;1;1;1;2;5;68;5;1
1;5;5;2;1;1;2;1;3;1;1;5;3;3;39;3;1
4;4;5;2;1;2;2;3;1;2;3;5;1;2;30;2;2
1;1;5;1;1;1;2;2;2;2;1;5;1;3;20;1;2
1;5;4;2;1;1;2;1;3;2;3;2;1;3;47;4;2
1;5;5;2;1;1;1;3;3;2;1;7;3;1;41;3;2
.;.;5;2;.;.;.;.;.;.;.;1;1;2;61;5;2
1;4;3;2;1;3;1;2;3;1;1;6;4;3;22;1;2
1;5;4;3;1;1;2;3;2;1;1;5;1;1;18;1;2
1;1;3;2;1;1;2;3;3;2;2;5;1;3;31;2;1
1;2;5;1;1;3;1;1;1;1;2;2;1;2;52;4;2
1;5;4;2;1;1;1;3;1;2;1;2;1;3;40;3;1
1;5;4;1;1;3;1;3;2;1;1;7;2;3;22;1;2
1;1;5;2;1;1;2;1;2;2;1;5;2;3;23;1;1
1;.;5;2;1;1;1;3;3;2;1;5;2;3;54;4;1
1;5;5;1;1;1;1;3;3;1;1;5;1;2;27;2;1
1;4;5;2;1;3;1;3;1;2;1;5;1;3;38;3;2
1;5;3;1;1;3;2;3;3;1;1;4;1;1;26;2;1
1;1;.;1;1;3;1;1;1;2;1;2;1;2;56;4;1
1;5;3;3;1;.;2;2;3;.;1;3;1;3;38;3;1
1;5;2;1;1;1;2;3;3;1;1;8;2;1;32;2;1
5;5;5;1;1;2;1;3;.;1;1;5;2;3;51;4;2
1;1;5;2;1;1;2;3;3;2;2;5;1;3;19;1;1
2;2;4;3;1;3;1;2;3;1;1;7;2;1;25;2;2
5;5;4;3;1;3;1;3;3;1;3;4;1;3;21;1;2
1;5;5;1;1;1;1;2;3;2;1;6;2;3;22;1;1
1;5;5;2;1;3;1;1;3;1;1;5;3;5;40;3;2
5;5;3;2;1;3;2;2;2;2;1;5;1;3;35;3;1
1;5;4;2;1;.;1;3;3;2;1;8;4;1;33;2;2
2;4;2;3;1;3;1;3;1;2;1;5;1;3;32;2;2
1;5;5;1;1;3;1;1;1;1;1;6;3;1;34;2;2
1;5;5;2;1;2;1;1;3;2;1;7;1;3;58;4;2
1;5;5;2;1;3;2;3;1;2;2;5;2;1;21;1;1
1;5;3;2;1;3;1;3;3;1;1;1;1;98;57;4;2
5;5;5;3;1;2;1;1;2;2;3;2;1;3;27;2;1
1;5;5;2;1;1;1;3;3;1;1;8;4;2;33;2;1
1;5;3;1;2;3;1;3;1;1;2;2;1;3;75;5;1
2;5;5;2;1;1;1;2;1;2;3;1;1;3;74;5;1
1;1;5;3;1;3;1;3;3;1;.;2;3;1;56;4;2
1;5;3;1;2;1;2;1;3;2;2;7;4;1;72;5;1
5;5;5;3;1;3;1;3;3;2;2;2;1;3;20;1;2
1;5;5;2;1;3;1;3;.;2;1;3;2;2;60;5;2
1;5;5;2;1;3;1;3;1;1;2;5;2;2;47;4;1
1;5;4;3;1;1;1;2;2;1;1;5;2;3;27;2;2
2;4;3;1;1;1;1;2;2;1;2;5;1;1;22;1;2
2;2;3;2;1;3;2;3;1;2;3;1;2;98;34;2;1
1;5;5;2;1;1;1;2;3;2;1;4;3;1;23;1;1
4;4;4;2;1;1;2;3;3;1;3;5;.;3;38;3;2
1;2;3;2;1;1;1;1;3;1;1;5;1;1;66;5;1
1;1;5;2;1;3;2;3;3;1;3;5;1;2;26;2;2
1;4;2;1;.;3;1;3;3;1;3;2;1;1;63;5;2
5;2;5;2;.;2;2;3;1;2;1;2;1;98;67;5;1
5;5;5;1;1;1;2;1;3;1;3;7;1;1;66;5;2
1;5;5;2;1;3;1;1;1;1;1;4;3;2;47;4;2
2;2;5;1;1;3;2;3;3;2;2;1;1;1;43;3;2
1;.;.;2;.;.;2;.;.;.;.;1;1;1;47;4;1
1;5;3;3;1;1;1;2;3;1;1;4;2;3;17;1;1
.;.;.;2;.;1;1;.;.;2;.;1;1;98;63;5;2
1;1;4;3;1;1;1;1;.;2;3;4;1;3;17;1;2
1;5;5;3;1;3;2;3;3;1;1;6;4;2;18;1;2
5;4;5;2;1;3;2;3;1;2;.;1;1;1;34;2;1
1;1;5;3;1;1;1;3;3;1;3;5;2;3;45;4;2
1;5;5;2;1;1;1;3;2;1;3;5;3;1;52;4;1
1;5;5;3;1;1;1;3;2;1;1;5;1;1;52;4;2
4;2;4;2;2;3;2;1;2;1;3;2;1;3;28;2;1
2;1;4;2;1;1;2;3;3;2;3;2;1;2;55;4;2
1;5;5;2;1;3;2;2;3;2;1;5;1;2;26;2;1
1;5;4;3;1;1;1;3;3;2;1;4;1;3;17;1;1
5;4;3;1;1;3;2;2;2;1;1;2;1;3;39;3;2
5;5;3;1;2;2;2;3;2;1;3;2;1;3;65;5;1
5;5;4;2;1;1;1;3;3;1;1;5;2;1;40;3;2
4;4;4;3;1;3;1;3;3;2;2;2;1;1;26;2;1
1;4;5;2;1;1;1;2;1;2;1;2;1;3;53;4;2
2;2;5;2;1;3;2;1;1;2;1;2;1;3;30;2;1
1;5;5;2;1;3;1;2;3;1;1;5;1;2;30;2;1
1;1;5;2;1;1;1;1;2;2;1;5;1;2;27;2;1
1;5;5;1;1;1;2;3;2;1;1;4;1;3;27;2;1
1;5;5;1;1;1;1;.;3;1;1;6;2;3;34;2;1
1;5;5;2;1;1;2;3;1;1;2;5;1;5;24;1;1
1;5;5;1;1;1;1;3;3;1;1;5;4;1;22;1;2
5;5;5;2;1;3;1;3;2;2;1;5;1;3;25;2;1
5;1;5;2;1;1;1;1;1;2;3;2;2;3;51;4;1
4;4;3;1;1;1;1;1;2;2;1;1;1;3;53;4;1
3;2;5;2;.;3;1;3;3;2;.;5;2;2;28;2;2
1;5;5;2;1;3;2;3;3;1;1;2;1;5;68;5;1
1;5;3;2;1;3;1;3;3;1;1;6;4;1;35;3;1
1;5;5;2;1;3;1;3;3;2;2;5;4;3;36;3;2
1;5;3;3;2;3;2;3;2;1;1;4;2;3;16;1;2
1;5;5;2;1;1;1;3;3;2;1;5;1;2;41;3;1
1;1;5;2;1;2;1;3;3;2;3;5;2;4;60;5;2
1;5;4;3;1;3;1;3;3;1;1;5;4;1;18;1;2
1;5;5;2;1;1;2;1;3;.;1;5;1;1;52;4;2
5;4;5;2;1;1;1;1;1;2;.;2;1;4;54;4;1
1;2;5;2;1;1;1;1;2;1;1;5;3;3;37;3;2
1;4;3;2;1;1;1;1;2;2;3;2;1;3;57;4;1
1;5;5;2;1;3;2;1;1;2;2;2;2;3;64;5;1
1;2;5;3;1;3;2;2;2;2;1;2;.;3;18;1;2
5;5;2;1;2;1;1;2;1;1;1;1;4;3;63;5;2
5;4;5;2;1;3;1;1;2;2;1;4;3;3;64;5;2
1;5;5;3;1;2;2;3;1;2;1;5;1;1;38;3;2
1;5;5;2;1;1;1;3;3;1;1;5;1;3;25;2;1
1;5;5;2;1;3;1;2;2;1;2;5;1;3;19;1;2
1;5;5;1;1;3;2;2;3;1;1;5;2;1;24;1;1
1;5;3;1;1;1;1;3;3;1;1;5;3;1;46;4;2
1;5;3;1;2;3;1;2;3;1;1;5;5;1;53;4;1
1;5;4;2;.;1;1;1;.;.;.;3;1;1;52;4;2
5;5;5;2;1;3;1;1;2;1;1;4;3;5;35;3;1
1;5;4;1;2;1;2;3;2;1;1;5;1;2;26;2;1
1;5;4;3;1;3;2;.;3;1;.;5;3;1;19;1;2
1;5;5;2;1;3;2;1;1;1;1;6;4;3;58;4;1
4;2;2;2;2;1;1;1;3;1;1;1;2;3;71;5;1
1;5;5;2;1;1;1;3;3;1;2;2;1;1;44;3;1
1;5;3;1;1;1;1;1;3;1;1;7;3;3;42;3;2
1;5;3;1;1;1;1;1;1;1;1;3;1;1;62;5;1
1;1;5;3;1;3;2;2;1;1;1;3;1;1;23;1;1
4;2;5;1;2;3;2;2;3;2;3;4;2;4;19;1;1
1;2;4;2;1;3;2;2;3;2;2;6;1;2;22;1;2
4;.;5;2;1;3;2;3;3;2;1;2;1;1;48;4;2
1;5;5;2;1;3;1;3;3;1;1;8;3;2;29;2;1
5;1;5;1;1;1;2;1;1;1;3;5;2;98;24;1;1
1;1;5;2;1;3;2;1;3;2;2;3;1;3;42;3;1
1;5;3;1;1;1;1;2;2;1;2;2;6;1;56;4;2
1;5;5;1;1;2;1;3;3;2;1;2;1;5;36;3;2
1;5;5;3;1;3;1;3;3;1;1;5;.;3;54;4;1
5;1;5;3;1;1;2;1;2;1;1;4;3;3;16;1;1
1;3;.;3;.;.;1;.;.;.;.;5;2;1;38;3;2
1;1;5;2;1;1;1;3;3;2;3;5;1;3;25;2;1
1;5;2;1;2;1;1;2;2;1;2;5;3;1;60;5;1
1;5;2;3;1;1;1;3;2;1;2;5;4;1;75;5;1
5;5;4;1;2;2;1;2;2;.;1;1;1;3;70;5;1
.;4;4;3;1;1;1;2;.;2;3;5;1;2;28;2;2
1;4;3;1;1;3;2;3;1;1;2;5;2;3;20;1;1
1;5;5;2;1;3;1;1;3;2;1;5;1;2;34;2;2
1;5;5;3;1;2;2;1;3;2;1;5;4;2;75;5;1
1;5;3;2;1;1;1;1;1;1;2;2;1;3;46;4;1
1;5;4;3;1;3;2;3;3;1;1;5;2;2;27;2;1
1;1;5;1;1;1;2;1;1;1;1;2;1;1;33;2;1
5;1;4;1;1;1;1;2;2;1;2;5;1;1;46;4;2
1;5;5;1;1;1;2;3;3;1;1;2;1;3;37;3;1
5;2;4;2;1;3;1;2;1;2;1;2;2;1;43;3;1
1;2;5;2;1;3;1;2;3;.;3;5;1;3;31;2;2
1;5;3;1;1;1;2;1;2;1;1;2;1;5;37;3;1
1;5;5;2;1;1;2;3;3;2;1;4;4;3;43;3;1
5;5;4;1;1;2;2;1;3;2;2;3;.;3;23;1;2
1;5;3;3;1;1;2;3;3;1;1;5;2;3;24;1;1
2;2;3;2;1;3;2;2;2;2;3;1;1;1;74;5;1
5;5;5;2;1;1;1;3;3;2;2;2;1;3;35;3;1
5;5;5;2;2;3;2;3;2;1;2;5;2;2;44;3;1
1;5;5;1;1;1;1;3;3;1;1;4;2;3;27;2;2
1;5;3;3;1;1;2;3;3;1;1;6;3;2;26;2;1
1;1;4;2;1;.;2;1;1;2;.;2;1;1;57;4;2
4;1;5;2;1;3;2;3;2;2;1;5;1;3;27;2;2
5;5;5;1;1;1;1;2;2;1;.;5;1;1;63;5;2
5;2;5;2;1;3;2;2;3;2;2;2;1;1;75;5;2
1;5;5;3;1;3;2;1;2;1;3;5;2;3;21;1;2
5;2;4;1;1;3;1;1;3;1;3;5;4;2;57;4;2
1;5;5;2;1;3;1;3;3;1;3;2;1;3;41;3;1
1;5;4;3;1;1;1;3;3;1;1;5;2;3;24;1;1
2;2;5;2;1;1;2;3;3;2;3;5;1;3;38;3;2
2;1;3;2;1;1;1;1;2;2;3;3;1;3;37;3;2
1;5;5;3;1;3;1;3;3;1;.;1;1;2;59;4;1
1;5;5;1;1;2;1;3;1;1;2;2;1;1;87;5;1
1;5;5;3;1;3;1;2;3;.;3;5;1;3;37;3;2
5;1;5;2;1;3;2;2;1;1;1;4;1;1;34;2;1
1;5;3;1;1;3;1;3;3;1;2;7;2;3;20;1;2
1;5;5;2;1;3;2;2;2;2;3;5;1;1;36;3;2
5;5;5;2;.;2;1;1;2;2;1;2;2;3;46;4;1
1;1;5;2;1;2;1;3;3;2;3;2;2;98;42;3;2
1;5;5;3;1;1;1;1;2;1;1;6;2;3;21;1;2
1;5;4;3;1;1;1;3;1;1;2;5;1;1;64;5;1
1;2;.;3;.;3;1;2;3;1;3;4;2;3;19;1;2
2;5;4;3;1;2;1;2;3;1;1;5;2;1;18;1;2
1;5;3;2;2;3;1;2;3;2;3;2;2;3;56;4;1
2;1;5;1;1;3;.;1;1;1;1;5;4;1;51;4;2
1;5;3;2;1;3;.;1;2;2;1;5;1;3;21;1;1
1;5;.;3;1;3;2;1;3;2;3;3;1;3;17;1;2
1;5;5;3;1;3;2;1;3;1;3;3;2;3;33;2;1
1;2;5;3;1;3;1;3;3;1;3;5;1;3;18;1;1
1;5;5;3;1;1;1;3;1;1;2;7;5;1;44;3;2
4;1;.;3;.;3;1;1;1;1;2;4;2;98;52;4;1
5;2;.;3;.;.;.;.;1;2;1;5;1;3;37;3;2
1;5;5;1;1;1;1;2;2;1;1;7;3;3;33;2;1
1;5;5;2;1;3;1;1;3;2;3;1;1;3;51;4;1
1;5;5;3;1;3;1;2;2;1;2;8;3;1;32;2;2
1;5;5;1;1;3;1;2;3;1;3;7;2;1;27;2;1
1;5;2;3;2;1;2;2;3;1;1;4;3;3;65;5;1
2;5;5;2;1;1;1;3;2;2;1;3;2;3;27;2;2
5;5;3;1;1;1;2;2;2;1;1;5;3;3;35;3;1
1;5;4;2;1;1;1;3;3;2;1;5;1;3;21;1;2
5;4;4;1;1;1;1;3;2;1;.;5;1;98;39;3;2
1;5;5;2;1;3;2;3;3;1;1;5;1;1;64;5;1
1;5;5;3;1;1;1;1;2;1;1;5;1;1;19;1;1
1;5;5;2;1;3;1;.;3;1;1;4;4;3;38;3;2
1;5;4;1;1;1;1;2;2;1;1;5;1;3;33;2;1
1;5;5;1;1;1;2;1;3;1;2;2;2;3;44;3;1
1;5;.;1;1;3;2;2;2;2;2;3;1;3;23;1;2
1;5;4;2;1;1;1;1;2;1;1;2;2;3;23;1;2
1;5;4;3;1;3;2;2;3;2;1;4;1;3;16;1;1
1;5;5;2;1;3;1;.;3;2;2;4;1;1;42;3;2
1;5;3;1;1;1;2;3;3;1;1;7;3;1;56;4;2
.;.;4;3;2;3;.;3;2;2;3;2;1;3;48;4;2
5;5;5;1;1;.;2;3;1;.;1;5;1;3;41;3;2
1;5;5;3;1;1;2;3;3;1;1;5;3;1;42;3;2
1;2;5;1;1;1;2;3;3;2;3;7;4;3;56;4;2
5;1;4;2;2;3;2;3;2;2;1;6;1;1;29;2;1
1;5;4;3;1;1;2;3;3;2;1;2;1;3;62;5;1
1;4;3;2;.;1;1;1;2;2;2;7;1;98;68;5;1
1;5;4;1;1;1;1;2;3;1;3;2;3;1;61;5;1
2;5;3;3;1;1;1;2;3;2;1;4;1;1;16;1;2
1;5;5;2;1;3;1;1;3;1;1;6;3;1;19;1;1
1;5;4;2;1;3;2;1;3;1;1;2;1;3;25;2;1
5;4;3;1;1;3;1;2;3;2;3;5;.;3;26;2;2
4;1;5;2;2;1;2;2;3;2;3;5;5;2;20;1;1
1;5;5;3;1;3;1;1;1;1;1;5;1;3;45;4;1
.;.;.;3;.;.;.;3;3;2;.;1;1;98;60;5;2
1;1;5;2;1;1;2;3;3;2;1;2;3;1;76;5;1
1;5;5;3;1;3;1;2;1;1;2;5;2;3;24;1;1
1;1;2;1;1;3;1;1;2;1;2;2;1;1;38;3;1
1;5;5;3;.;1;1;1;1;1;2;2;.;1;68;5;2
1;5;5;1;1;3;1;2;3;1;1;6;5;1;21;1;2
1;5;2;1;1;1;1;3;3;1;1;7;4;2;71;5;2
1;5;5;3;1;3;1;3;3;2;1;4;1;2;16;1;2
1;5;5;2;1;2;2;1;2;2;1;5;1;2;31;2;2
2;1;4;2;1;3;1;3;3;1;1;4;2;2;25;2;1
1;5;5;3;1;1;1;1;2;1;1;8;2;1;65;5;2
1;5;5;1;1;1;1;1;2;1;1;5;2;2;56;4;1
1;5;3;2;2;1;1;3;3;2;1;2;1;1;65;5;2
2;4;2;2;2;1;2;3;2;2;3;4;2;1;59;4;2
1;5;5;2;1;1;1;1;1;2;2;3;1;1;42;3;2
1;5;4;3;1;1;1;2;2;1;1;4;3;2;17;1;1
1;5;3;3;1;3;1;3;1;1;1;2;3;1;68;5;1
1;5;3;2;1;1;2;2;3;1;1;5;3;5;41;3;1
1;2;5;3;1;3;2;3;2;2;1;5;1;2;25;2;2
2;1;5;2;1;3;1;2;2;2;3;7;2;3;43;3;2
1;5;5;1;1;3;1;1;3;1;1;5;4;1;42;3;2
1;4;4;1;1;3;2;3;3;1;3;5;1;1;26;2;2
1;5;4;1;1;3;1;2;3;.;1;5;1;1;21;1;2
1;5;4;2;1;3;1;2;2;2;3;1;1;3;33;2;1
1;5;3;1;1;1;2;3;1;1;1;6;4;1;23;1;1
1;5;5;2;1;3;1;3;3;2;3;4;3;2;25;2;1
1;5;3;2;1;3;2;3;2;2;2;2;1;5;53;4;2
1;5;5;2;1;3;1;3;2;1;3;2;1;98;80;5;2
5;5;4;3;1;3;2;1;2;1;.;4;1;1;19;1;2
1;4;5;2;1;2;2;3;3;2;1;1;1;98;57;4;2
1;1;5;2;1;3;1;1;1;1;1;1;1;4;51;4;1
1;5;5;3;1;1;1;1;3;1;1;5;1;1;76;5;2
1;5;2;3;2;3;2;1;3;2;1;2;3;3;74;5;1
1;5;4;1;1;1;1;1;2;1;1;7;3;1;68;5;2
1;5;4;2;1;1;1;1;3;2;1;8;4;98;48;4;1
1;5;3;2;1;1;1;2;2;1;2;2;1;2;50;4;1
4;1;5;3;1;3;2;1;1;.;3;2;1;2;19;1;1
1;5;5;2;1;3;2;3;3;2;1;5;1;2;27;2;2
1;1;5;1;1;2;1;1;3;1;3;1;1;3;62;5;2
2;5;4;2;1;1;1;3;3;2;1;2;1;3;39;3;2
2;4;4;2;.;.;.;1;1;2;.;1;1;1;74;5;1
1;2;5;2;1;1;1;3;2;2;2;2;1;3;41;3;1
1;1;5;2;.;1;2;2;3;2;.;1;1;98;66;5;1
1;5;5;2;1;1;1;1;1;2;3;6;1;1;46;4;2
.;5;5;2;1;3;1;1;3;2;1;5;2;3;50;4;2
1;5;3;1;2;1;1;1;3;1;1;7;3;1;76;5;2
1;5;3;3;1;1;1;3;3;1;3;5;3;3;54;4;1
1;5;5;2;1;3;1;1;.;1;2;2;1;3;54;4;2
5;5;2;2;1;1;1;1;3;1;1;2;3;1;53;4;1
1;2;5;2;1;3;2;3;3;2;1;1;1;3;34;2;1
5;5;3;3;1;3;2;3;3;1;1;5;4;1;26;2;1
1;4;5;1;1;3;1;3;1;1;2;6;2;3;24;1;2
4;2;4;1;2;3;2;3;3;2;1;2;1;5;59;4;2
2;2;5;2;1;3;1;3;1;2;1;3;3;3;27;2;1
1;5;5;1;1;1;1;1;1;1;1;4;1;3;42;3;1
1;5;4;1;1;3;1;3;3;2;3;5;2;2;51;4;2
4;5;4;1;1;3;1;3;3;2;1;5;1;98;44;3;2
1;5;4;2;1;3;1;3;3;1;3;1;.;3;47;4;2
1;5;3;1;1;1;1;2;2;1;1;8;4;3;47;4;1
1;5;5;2;1;3;2;1;3;1;1;7;4;3;38;3;2
1;5;5;1;1;1;2;3;1;1;2;6;6;1;18;1;1
1;2;5;3;.;3;2;3;.;.;.;1;.;3;48;4;2
1;5;5;2;1;1;1;3;3;1;1;2;1;1;73;5;1
1;5;2;2;2;3;1;1;1;1;2;2;1;1;57;4;2
5;5;5;2;1;1;1;1;2;2;1;5;3;3;47;4;2
1;4;5;2;1;1;2;1;1;.;1;5;1;3;38;3;2
1;5;3;2;2;1;1;3;3;1;3;6;4;3;21;1;1
4;4;2;2;2;1;2;1;1;1;1;3;1;3;34;2;2
1;5;5;1;1;1;2;2;1;1;.;2;1;1;50;4;2
1;5;5;2;1;2;1;.;1;2;1;1;2;2;74;5;2
1;5;5;3;1;3;1;2;3;1;2;4;2;3;29;2;1
4;1;4;3;1;3;2;3;3;1;.;4;6;3;18;1;1
1;4;5;2;1;3;2;2;3;2;1;2;2;98;37;3;1
1;5;4;3;1;2;1;1;3;2;1;1;1;1;77;5;2
2;2;2;3;2;1;2;2;1;2;3;2;1;2;45;4;1
5;1;5;3;1;3;1;3;3;.;.;4;2;3;16;1;1
1;1;.;3;1;3;1;1;1;2;2;3;1;2;37;3;1
1;5;5;2;1;1;1;1;3;2;1;4;1;3;34;2;1
1;5;4;2;1;1;1;2;2;1;3;2;2;1;66;5;2
4;2;5;2;1;1;2;3;3;2;1;5;1;3;47;4;2
1;5;5;2;1;1;2;2;2;2;2;1;1;2;47;4;1
3;1;5;3;1;3;1;1;.;2;3;4;1;3;16;1;2
1;5;1;1;2;1;1;1;1;1;2;5;2;1;49;4;1
1;5;5;3;1;3;1;2;3;1;1;2;1;3;48;4;2
1;5;5;3;1;2;1;1;3;1;1;4;1;2;16;1;2
1;5;3;1;1;1;1;2;2;1;2;5;2;1;57;4;2
1;2;5;2;1;3;.;2;2;2;1;1;1;2;60;5;2
1;5;3;1;2;1;1;1;2;1;2;7;2;1;29;2;1
1;5;5;1;1;3;2;3;1;1;1;6;3;3;21;1;2
1;5;5;3;1;.;1;2;2;1;2;8;4;1;72;5;1
5;1;5;2;1;3;2;1;1;1;2;5;1;3;35;3;1
4;2;2;2;.;3;1;2;2;1;1;4;1;3;27;2;1
1;1;3;3;1;2;2;3;2;1;2;4;2;3;17;1;1
1;5;5;2;1;1;1;1;3;1;2;5;2;3;48;4;1
1;5;5;3;1;3;1;3;3;1;2;7;3;3;38;3;2
1;5;5;1;1;3;1;3;3;1;1;5;1;4;26;2;1
.;.;5;3;1;3;.;.;3;.;.;5;1;3;33;2;2
2;5;1;2;1;1;1;2;2;2;1;4;2;2;21;1;1
1;5;5;2;1;1;2;1;3;2;3;6;2;2;39;3;1
1;2;5;1;1;1;1;3;2;1;2;2;2;3;25;2;2
2;2;5;3;.;3;1;1;2;1;2;4;2;1;18;1;2
5;2;3;1;.;3;1;2;3;2;3;4;1;3;34;2;2
1;4;5;2;1;2;2;1;1;1;2;3;1;3;57;4;1
1;5;5;1;1;3;2;3;3;1;1;2;2;3;53;4;2
1;5;5;2;1;3;1;2;2;1;.;5;1;3;25;2;2
1;5;3;2;1;1;2;1;2;1;2;2;1;1;28;2;1
1;5;2;3;2;1;2;1;1;1;2;6;6;1;44;3;1
1;5;3;3;1;1;2;1;3;1;1;7;4;1;27;2;1
1;5;3;1;1;1;1;2;2;1;1;8;4;1;49;4;2
5;1;4;1;1;3;1;1;1;2;1;2;2;1;55;4;2
1;5;4;2;1;1;1;2;2;1;1;6;4;3;26;2;2
1;5;5;1;1;1;1;2;2;1;2;7;2;1;25;2;2
1;5;5;2;1;3;1;2;2;.;1;5;1;3;42;3;1
1;5;4;2;1;3;1;2;3;1;1;7;5;1;52;4;2
1;5;5;3;1;1;2;3;3;1;2;8;3;5;47;4;2
1;1;5;2;1;3;1;1;3;1;2;5;2;3;43;3;1
5;1;5;2;1;3;1;3;1;2;.;2;1;3;59;4;1
1;5;5;1;1;2;2;3;1;2;2;5;1;1;62;5;2
1;4;3;1;1;1;1;3;3;1;1;5;3;5;24;1;1
1;5;2;1;.;.;2;3;2;.;3;2;2;98;74;5;2
4;4;5;2;1;3;2;1;2;2;3;5;1;98;22;1;1
1;5;5;2;1;3;2;1;3;1;1;5;2;2;36;3;2
1;5;4;3;1;.;2;1;3;.;1;1;1;2;53;4;1
1;1;4;1;1;3;1;2;1;1;3;2;2;1;30;2;1
5;5;5;1;1;1;1;3;1;2;2;3;1;98;32;2;1
1;5;5;1;1;3;2;1;2;1;2;8;6;3;48;4;1
1;5;5;3;1;3;1;1;3;.;1;3;.;1;87;5;2
1;5;3;3;1;1;2;2;2;1;1;5;1;3;32;2;1
2;1;.;3;1;1;2;1;3;1;1;2;3;4;16;1;1
1;4;3;1;1;1;1;3;3;2;3;5;1;1;29;2;2
1;1;5;3;1;3;1;3;2;2;2;5;2;1;19;1;2
4;2;5;2;1;3;1;.;3;2;1;2;1;3;42;3;2
1;5;4;2;1;1;1;3;3;1;1;5;1;1;38;3;2
1;5;5;3;1;3;1;2;2;1;3;5;4;3;42;3;2
1;5;3;2;1;1;1;1;1;1;3;5;1;3;32;2;1
1;1;5;2;1;3;2;1;3;2;3;2;6;1;55;4;1
5;5;3;3;1;1;1;3;3;1;1;5;.;1;19;1;1
1;5;5;3;1;3;2;1;2;2;1;3;2;1;70;5;2
1;5;3;1;1;3;1;1;1;1;1;4;3;1;52;4;2
4;5;5;3;1;.;1;2;2;1;3;5;3;3;21;1;2
5;1;5;3;1;3;2;3;3;2;3;1;1;4;25;2;1
2;1;5;2;1;3;2;2;2;2;3;5;1;2;36;3;2
2;2;5;2;1;.;2;3;.;2;3;1;1;98;72;5;2
3;2;4;1;1;3;2;1;2;.;3;5;1;2;23;1;2
1;5;5;2;1;3;1;2;2;.;1;4;2;3;18;1;2
1;5;5;1;1;3;2;3;3;1;1;8;4;1;31;2;2
1;5;3;1;1;1;1;2;3;1;1;7;3;1;62;5;2
1;5;5;2;1;1;1;3;3;2;1;4;3;2;20;1;1
1;5;3;1;1;3;1;1;2;1;1;7;2;1;42;3;1
1;5;5;1;1;3;1;2;3;1;3;2;1;3;49;4;2
1;1;2;2;1;3;2;1;1;2;3;6;4;3;22;1;2
2;1;3;3;1;3;2;1;1;.;1;4;2;3;42;3;2
1;5;5;2;1;1;2;3;1;1;2;5;1;2;31;2;1
5;5;3;1;2;3;1;2;3;2;2;5;1;1;48;4;2
1;4;5;2;1;3;1;3;3;2;1;5;1;3;27;2;2
1;5;5;1;1;3;1;1;2;1;3;5;1;3;38;3;2
1;5;4;1;1;1;1;1;3;1;1;4;5;3;17;1;1
5;5;.;3;2;1;1;1;.;2;3;1;.;1;40;3;2
1;5;1;2;1;1;2;3;2;2;1;3;2;3;45;4;1
2;1;5;2;1;2;2;3;3;2;3;2;2;2;28;2;2
1;5;3;2;1;1;1;3;3;1;1;6;1;2;56;4;2
1;5;5;2;1;1;1;2;1;1;2;7;3;1;44;3;1
1;5;3;2;1;3;1;3;2;2;2;4;3;3;24;1;1
5;5;5;2;1;1;1;2;3;2;1;8;3;1;62;5;2
3;1;5;2;1;1;2;2;3;2;1;4;1;1;39;3;1
3;1;4;1;1;3;2;2;3;1;2;5;1;3;22;1;2
1;5;4;2;1;2;2;3;3;2;1;2;1;1;35;3;2
1;5;5;3;1;3;1;3;3;1;1;8;3;1;30;2;2
5;5;5;2;1;1;2;2;1;2;3;1;.;3;51;4;1
1;5;5;2;1;2;2;3;3;2;1;7;3;3;45;4;2
1;5;5;2;1;1;2;3;3;.;1;5;1;1;20;1;2
1;5;4;3;1;1;2;3;3;2;2;4;4;2;18;1;1
4;2;5;2;.;3;2;1;1;1;2;3;2;3;18;1;1
1;2;3;1;1;3;1;1;3;1;1;2;1;3;44;3;1
1;5;4;2;1;1;1;1;3;2;1;8;3;3;38;3;2
5;5;5;2;1;1;2;1;3;2;1;2;2;1;22;1;1
1;5;5;2;1;1;1;2;2;1;2;5;3;1;45;4;1
5;2;3;2;1;3;2;2;2;1;1;3;2;3;42;3;1
1;5;4;1;1;3;1;1;2;1;1;5;1;1;51;4;2
1;5;5;2;1;3;1;3;3;2;1;6;3;1;28;2;1
1;1;5;2;1;2;1;2;1;2;2;5;1;3;40;3;1
1;5;5;1;1;3;2;2;3;1;1;5;3;1;50;4;2
1;5;3;3;1;1;2;1;1;1;1;1;2;2;93;5;1
5;5;5;2;1;2;2;.;1;2;2;5;1;3;22;1;2
1;5;3;1;1;1;2;1;2;1;1;6;1;3;48;4;2
5;1;4;2;1;1;1;3;3;2;3;5;1;3;32;2;2
1;2;5;2;1;3;1;2;2;2;1;5;2;3;29;2;2
1;5;5;2;1;2;1;3;3;2;1;8;3;1;61;5;1
1;4;4;1;1;1;1;3;3;2;1;5;2;1;18;1;1
1;5;4;2;.;3;1;3;3;1;3;5;2;3;25;2;1
1;1;5;3;1;3;1;1;1;1;3;5;3;3;33;2;1
1;5;5;2;1;3;1;3;3;2;1;8;5;1;34;2;2
1;5;5;2;1;3;1;1;1;2;3;2;1;5;45;4;1
1;4;4;2;1;1;1;2;2;2;2;5;1;3;31;2;1
4;4;5;2;1;1;2;1;1;2;3;2;.;2;36;3;1
2;2;5;2;1;3;1;1;3;1;1;3;1;1;37;3;2
1;5;3;1;1;1;1;1;3;1;1;5;2;3;45;4;1
1;5;5;2;1;3;2;2;3;2;1;7;3;1;25;2;2
1;5;5;2;1;1;1;2;2;2;1;5;3;3;50;4;1
1;1;4;1;1;3;2;3;3;1;1;3;1;1;62;5;2
1;5;5;2;1;1;1;1;1;2;1;5;3;1;46;4;1
1;4;5;3;1;3;2;3;3;1;1;5;1;3;39;3;2
1;4;5;2;1;1;1;3;3;1;1;8;2;3;39;3;2
1;4;5;2;1;1;2;2;2;2;1;7;1;3;22;1;1
5;5;5;1;1;1;1;1;1;1;1;2;3;1;83;5;1
1;5;3;3;1;1;1;3;3;1;1;4;1;1;16;1;1
1;4;4;3;1;3;2;3;3;2;.;4;.;2;26;2;2
1;5;5;1;1;2;2;2;2;1;1;5;2;3;19;1;2
1;5;4;1;1;1;1;.;3;1;1;4;2;1;19;1;1
1;5;5;2;1;.;1;3;.;2;1;2;1;2;68;5;2
1;5;5;1;1;3;1;3;3;1;1;5;1;3;27;2;2
1;5;2;2;1;2;1;3;1;1;3;3;1;2;20;1;1
1;5;5;2;1;3;2;3;1;2;2;2;1;98;32;2;2
1;1;5;2;1;3;1;1;3;2;3;2;1;98;68;5;2
1;5;5;3;1;2;1;3;2;2;1;5;2;1;18;1;2
1;5;5;2;1;1;1;2;3;2;1;6;.;2;34;2;2
1;5;5;3;1;.;1;1;3;.;.;4;2;98;28;2;2
1;5;5;2;1;3;2;1;2;2;1;5;1;3;26;2;1
2;5;5;2;1;3;1;2;2;2;1;1;1;5;51;4;1
3;2;4;2;1;1;1;2;2;1;1;5;2;3;34;2;2
4;2;3;2;1;3;2;3;3;2;3;1;1;4;55;4;1
1;5;3;1;1;3;1;3;3;2;1;5;2;5;25;2;1
1;5;5;2;1;3;2;3;3;2;1;5;1;1;28;2;2
1;5;5;2;1;3;1;3;3;2;1;4;6;2;18;1;2
5;1;5;2;1;2;1;1;3;2;1;4;1;4;19;1;2
1;5;4;1;1;3;1;1;3;1;3;3;2;3;70;5;1
4;4;4;3;1;3;1;2;2;1;.;5;2;3;52;4;2
1;5;3;1;1;1;1;2;3;1;1;8;4;1;54;4;2
4;1;5;2;1;1;1;3;2;2;1;4;1;1;30;2;1
1;4;4;2;1;1;2;3;3;1;1;3;3;1;32;2;1
1;2;5;2;1;3;2;3;3;1;1;6;2;2;25;2;2
1;5;5;1;1;3;1;3;1;1;1;7;5;1;28;2;2
1;1;5;3;1;3;2;2;3;2;3;5;4;5;19;1;1
5;5;5;2;1;3;2;1;1;2;3;1;1;2;60;5;2
1;5;4;3;1;1;1;3;3;1;1;4;3;2;16;1;2
2;5;4;3;1;3;1;2;3;2;1;6;3;2;17;1;2
1;5;3;1;2;3;1;3;3;1;2;8;3;98;54;4;1
1;1;2;2;2;1;2;1;3;2;3;1;1;3;61;5;2
4;5;3;2;1;3;2;3;3;2;2;5;1;2;28;2;2
1;4;4;2;1;3;1;2;2;2;1;6;2;3;21;1;1
1;2;5;2;1;3;1;3;3;1;1;5;3;3;19;1;2
4;5;5;1;1;2;1;3;3;1;2;5;1;3;16;1;2
1;5;3;2;2;1;1;2;3;2;1;3;1;3;72;5;1
1;1;5;2;1;3;1;1;3;.;2;2;2;2;40;3;1
1;5;5;2;1;1;1;2;3;2;3;2;1;3;21;1;2
1;1;5;2;1;2;2;3;3;1;3;2;1;98;44;3;1
1;5;3;2;1;1;2;1;3;1;2;8;4;1;36;3;1
5;1;5;2;1;3;2;1;3;2;1;2;1;3;39;3;1
4;1;5;1;1;1;1;1;3;1;1;5;2;3;30;2;1
1;2;5;2;1;2;2;3;3;2;3;1;1;1;18;1;1
1;5;3;2;.;1;1;2;2;.;2;4;1;5;24;1;1
1;5;3;1;.;1;1;3;3;1;1;5;1;3;24;1;2
1;5;4;3;1;3;2;.;.;1;2;5;4;1;17;1;2
1;5;5;1;1;2;1;1;3;1;1;7;2;1;52;4;2
1;5;3;1;1;1;1;3;2;1;1;7;4;3;32;2;1
1;5;5;2;1;1;2;3;3;2;1;6;3;2;64;5;2
1;5;3;1;1;1;1;1;3;.;1;5;1;3;41;3;2
5;2;3;1;1;1;2;2;1;2;3;5;2;3;46;4;2
1;5;5;1;1;3;1;1;3;1;1;4;2;5;21;1;1
5;5;5;1;1;3;1;3;2;2;3;1;1;1;77;5;2
1;5;3;1;1;1;1;3;3;2;3;8;3;1;64;5;2
1;5;4;1;1;3;1;3;3;1;1;5;1;3;32;2;2
5;4;5;2;.;1;2;3;3;1;1;4;4;98;17;1;1
1;5;4;1;1;1;2;3;3;1;1;8;3;98;59;4;2
5;5;3;2;1;1;1;3;3;1;1;1;1;2;58;4;1
2;5;5;2;1;3;1;3;3;.;1;5;1;2;67;5;2
2;1;.;2;1;.;1;1;3;.;1;1;1;3;35;3;1
1;5;5;3;1;3;2;3;3;1;1;4;2;3;16;1;1
1;5;5;1;1;3;2;3;1;2;1;7;6;5;61;5;2
1;1;4;2;1;3;1;1;3;2;2;2;4;2;28;2;2
1;5;3;3;1;1;1;3;3;1;1;6;1;3;25;2;2
.;.;3;1;2;.;1;3;1;.;.;4;2;2;69;5;2
1;5;4;3;1;1;1;2;3;.;1;8;5;1;57;4;1
5;1;5;3;1;3;2;1;1;1;2;1;2;2;65;5;1
5;5;3;2;1;3;1;2;1;2;3;2;.;1;32;2;2
1;1;4;1;1;3;1;1;3;2;1;6;2;1;20;1;2
1;5;5;1;1;1;2;1;2;1;3;5;1;2;21;1;1
2;5;5;3;1;1;2;2;2;1;3;2;1;3;41;3;1
1;4;5;2;1;1;2;1;1;2;1;5;1;4;44;3;1
1;2;4;3;1;1;1;2;3;1;2;4;1;5;16;1;1
1;5;5;1;1;1;1;2;3;1;1;5;1;3;33;2;1
2;2;3;3;1;3;1;1;1;1;1;2;1;1;63;5;1
1;5;4;1;1;1;1;2;3;1;1;8;.;1;30;2;2
4;4;5;3;1;3;2;2;2;1;1;4;1;3;16;1;2
1;4;5;2;1;1;1;2;2;.;1;5;3;3;25;2;1
1;5;4;1;1;3;1;2;1;1;1;5;3;3;39;3;2
1;5;4;3;1;1;1;2;3;1;1;8;5;1;40;3;2
1;5;5;2;1;3;2;1;3;2;1;5;3;2;53;4;1
5;5;3;1;1;3;2;2;2;1;1;5;1;1;29;2;2
2;5;4;3;1;2;1;2;2;1;1;4;3;4;17;1;1
1;5;5;2;1;1;1;3;2;2;.;5;2;3;35;3;1
2;2;3;1;1;3;1;2;3;1;1;7;4;3;40;3;1
1;5;3;1;1;3;1;1;2;1;1;5;2;2;25;2;1
1;4;5;2;1;1;2;3;2;1;1;5;3;3;23;1;2
1;3;4;2;1;2;.;3;3;2;3;2;1;3;67;5;2
1;5;5;2;1;1;1;1;2;1;1;7;2;2;26;2;2
.;.;5;3;1;.;1;.;.;.;3;4;1;3;22;1;2
1;2;5;2;1;3;2;1;2;1;3;4;2;3;48;4;2
4;4;5;2;1;1;1;.;2;2;.;2;1;2;50;4;1
1;5;5;2;1;3;2;2;.;2;3;2;1;3;25;2;2
2;5;3;2;1;1;1;2;2;2;3;2;1;98;64;5;2
1;5;5;2;1;3;1;2;3;1;1;4;1;3;33;2;1
1;5;4;2;1;3;1;3;3;2;1;6;2;2;19;1;1
4;4;4;2;2;1;1;1;1;2;3;2;1;4;67;5;2
1;5;5;2;1;1;1;2;3;1;1;5;1;3;40;3;1
1;5;5;2;1;3;2;2;3;1;1;2;4;1;51;4;2
5;1;4;2;1;3;2;1;3;1;3;3;3;3;72;5;1
.;.;5;3;1;3;.;.;3;.;3;4;1;1;55;4;2
2;4;5;3;1;3;1;3;3;2;1;5;1;3;30;2;2
1;1;5;3;1;2;1;2;3;1;1;5;3;1;24;1;1
1;5;3;1;1;1;1;3;3;1;1;5;1;1;22;1;1
1;5;3;2;1;1;1;1;2;1;1;5;5;3;44;3;1
2;2;4;1;1;.;1;.;.;2;3;5;1;3;19;1;2
1;5;5;2;1;3;1;3;3;2;1;5;1;1;40;3;1
1;2;4;2;1;3;2;2;1;1;3;2;2;1;69;5;1
1;4;5;2;1;3;1;3;2;1;1;5;3;1;29;2;2
1;5;5;1;1;1;1;2;3;1;3;8;2;1;49;4;2
1;1;5;2;1;3;1;3;3;2;1;2;2;3;25;2;1
1;5;3;2;1;1;1;3;3;.;1;5;2;1;20;1;1
1;2;3;3;1;1;2;2;3;1;2;5;3;1;18;1;1
1;5;5;2;1;3;2;3;3;.;3;2;1;3;31;2;2
1;5;5;2;1;1;2;1;3;1;2;1;1;1;40;3;2
1;5;4;2;1;3;1;2;2;1;1;5;1;1;32;2;1
1;5;3;1;1;1;1;3;3;1;1;6;4;1;23;1;1
1;5;5;2;1;1;2;3;3;2;1;7;4;98;47;4;1
1;5;3;1;1;3;1;2;3;1;1;6;4;1;22;1;2
1;5;5;1;1;3;1;1;3;1;1;7;3;1;68;5;2
4;5;5;2;1;2;1;1;1;2;1;4;.;3;61;5;2
1;1;4;2;1;1;2;3;3;2;3;4;1;1;31;2;1
1;5;5;1;1;1;2;2;3;1;1;3;1;3;40;3;1
1;5;5;1;1;1;1;1;1;1;2;2;2;1;66;5;1
1;5;3;2;1;3;1;1;3;2;1;7;6;1;74;5;2
1;1;5;2;1;2;2;2;1;2;1;3;1;3;43;3;1
5;5;5;1;1;3;1;3;1;1;2;1;2;1;62;5;1
5;2;1;3;2;2;1;3;3;1;3;3;2;3;22;1;2
1;5;4;1;1;3;1;2;3;1;1;3;3;1;27;2;2
1;5;4;2;2;1;1;3;3;2;1;3;3;3;28;2;1
2;5;1;2;2;3;2;3;3;2;1;2;1;1;62;5;2
4;5;5;1;1;3;1;3;3;1;3;2;1;1;49;4;2
1;5;5;2;1;1;1;3;3;1;1;2;.;2;53;4;2
1;2;5;2;1;1;1;2;1;1;1;4;1;3;25;2;1
1;5;5;3;1;1;1;1;3;1;1;6;4;1;29;2;2
1;5;2;1;2;1;2;1;1;1;1;2;3;1;73;5;1
1;5;5;2;1;3;2;3;1;2;1;4;.;3;70;5;2
5;4;5;3;1;1;2;2;3;2;3;3;3;3;54;4;2
4;3;5;3;1;1;1;3;3;2;2;4;1;1;16;1;2
1;5;3;2;1;3;1;3;1;1;1;2;1;98;83;5;1
1;4;5;2;1;.;1;3;3;2;1;4;3;3;33;2;2
1;5;3;1;1;3;1;1;3;1;1;4;1;1;45;4;1
1;1;5;2;1;1;1;3;3;2;3;3;1;2;34;2;1
1;5;3;3;1;1;1;3;2;1;1;6;4;2;18;1;1
1;5;5;2;1;3;2;3;3;2;1;5;1;1;39;3;1
5;5;3;2;1;3;2;3;3;1;2;5;3;3;27;2;2
4;5;5;3;1;3;1;2;2;2;2;7;4;3;26;2;2
3;5;5;1;1;3;2;2;1;2;3;1;1;2;70;5;2
.;.;2;3;.;.;.;.;1;2;.;2;1;3;56;4;2
5;5;4;2;1;1;2;1;2;1;1;5;2;3;24;1;2
1;5;4;1;1;1;1;3;3;1;1;7;2;1;39;3;1
1;1;5;3;1;1;2;3;.;2;3;1;1;3;39;3;2
1;5;5;3;1;3;1;1;1;1;2;1;1;1;59;4;2
1;5;5;1;1;1;1;1;2;1;1;1;2;1;72;5;1
1;1;5;2;1;1;2;2;1;1;1;5;2;1;23;1;2
1;5;5;3;1;2;2;2;2;1;3;5;1;1;22;1;2
1;5;5;3;1;1;1;.;3;2;1;4;1;2;16;1;2
5;5;4;3;1;3;2;1;2;1;1;4;3;1;17;1;2
4;4;3;2;1;1;2;2;1;2;3;1;1;2;62;5;1
1;5;4;3;2;1;2;3;3;1;1;6;4;1;18;1;1
5;5;5;2;1;1;2;2;3;1;1;2;1;3;64;5;2
1;5;3;3;1;3;2;2;2;1;2;4;1;2;16;1;1
1;1;5;2;1;3;1;3;2;2;2;7;2;3;35;3;2
2;5;2;3;.;1;2;3;3;1;1;6;1;1;25;2;2
1;4;2;2;2;1;2;1;1;2;2;5;4;1;21;1;1
2;5;5;3;1;2;1;2;3;1;3;3;1;2;25;2;1
1;5;5;2;1;1;1;3;3;2;1;1;1;1;68;5;2
.;.;.;3;1;3;2;1;1;2;.;2;1;2;18;1;2
4;4;3;2;1;1;2;1;1;2;3;2;2;1;52;4;2
1;5;5;3;1;1;1;3;2;1;1;5;1;5;34;2;1
1;5;4;1;1;3;1;3;2;1;1;6;5;1;26;2;2
5;5;5;1;1;3;1;3;3;1;2;7;4;98;46;4;1
1;5;5;2;1;1;2;3;3;2;1;1;.;3;53;4;1
4;1;5;3;1;2;1;3;3;2;3;5;4;3;22;1;1
1;1;5;3;1;3;2;1;3;2;3;4;2;1;18;1;2
1;5;1;2;1;1;1;3;3;1;1;2;1;3;52;4;2
5;5;5;2;1;3;1;2;3;1;.;2;1;2;45;4;2
2;5;5;2;1;1;2;1;1;2;1;1;2;1;66;5;2
1;5;3;1;1;3;2;3;3;2;1;8;3;98;55;4;2
5;5;4;2;1;1;.;3;3;2;2;2;.;3;47;4;1
1;5;5;1;2;3;2;3;3;1;1;7;5;3;34;2;1
1;5;3;2;1;3;2;1;3;2;1;5;1;2;22;1;2
1;4;3;1;1;1;1;1;1;1;2;5;2;3;24;1;1
1;2;5;2;1;3;1;2;1;1;2;4;1;1;23;1;1
1;5;5;1;1;1;2;3;3;1;.;5;3;1;39;3;2
1;5;4;2;1;1;.;1;1;2;.;1;1;1;41;3;1
1;5;5;2;1;1;1;2;3;2;1;6;2;2;19;1;1
1;4;3;1;1;1;1;3;1;1;2;3;1;1;60;5;1
1;5;5;1;1;3;1;1;1;1;2;6;3;1;64;5;2
1;5;4;1;1;1;1;2;3;1;.;5;1;1;34;2;2
1;5;3;1;1;3;2;1;2;1;1;5;5;3;60;5;1
1;5;3;2;1;1;2;3;3;1;1;5;4;3;49;4;1
1;5;5;2;1;1;2;3;3;1;1;4;1;3;55;4;2
1;4;4;2;1;3;1;3;1;1;1;5;1;3;32;2;2
1;2;2;2;2;3;2;3;2;2;3;3;2;3;60;5;2
1;4;3;1;1;1;1;3;3;1;1;7;4;3;60;5;1
1;3;5;2;1;1;2;3;2;2;1;3;1;98;54;4;2
1;5;5;1;1;3;1;1;1;1;1;2;2;98;53;4;1
1;5;5;1;1;1;1;3;2;1;1;6;1;2;26;2;2
1;5;5;2;2;1;2;1;1;2;2;2;1;1;58;4;1
1;5;4;3;1;1;2;2;2;2;1;4;1;1;16;1;1
1;5;5;1;1;1;2;1;3;1;1;1;3;3;75;5;1
1;2;3;2;1;1;1;3;3;1;3;5;1;3;38;3;2
1;1;5;2;1;1;2;3;3;2;2;5;4;3;40;3;1
1;5;5;2;1;3;1;3;3;2;1;3;1;98;78;5;2
1;5;5;3;1;1;2;3;3;1;1;7;4;1;46;4;1
1;5;5;1;1;1;1;2;2;2;1;6;1;3;21;1;1
1;5;5;1;1;3;2;2;3;1;1;5;4;3;48;4;1
5;2;5;2;1;3;1;3;2;1;3;2;1;3;45;4;2
1;5;5;1;1;1;1;2;3;1;1;5;2;1;40;3;2
1;4;4;1;2;3;2;1;3;2;.;1;1;98;76;5;2
1;4;3;1;2;1;1;1;3;1;1;5;4;3;31;2;2
1;5;5;1;1;1;2;1;3;1;1;2;1;1;56;4;1
1;5;4;1;1;3;1;2;3;2;1;7;1;1;21;1;1
1;5;4;3;1;1;1;3;3;1;1;7;4;1;52;4;2
1;5;3;1;1;3;1;3;3;1;1;6;4;1;21;1;2
1;5;5;3;1;3;2;3;3;2;.;4;1;3;17;1;2
5;2;5;2;1;3;2;3;3;2;1;5;3;3;40;3;1
1;5;2;2;2;1;2;1;1;2;2;1;1;3;68;5;1
1;2;5;2;1;2;1;2;3;2;2;2;1;3;25;2;2
1;5;5;2;1;1;1;3;3;2;1;6;1;3;33;2;2
1;5;4;1;.;3;1;3;.;1;.;5;2;1;45;4;2
1;4;3;1;1;2;1;.;2;1;3;5;4;4;55;4;2
4;2;5;1;1;3;2;3;3;2;1;5;1;2;27;2;1
1;5;5;1;1;3;2;1;1;1;2;5;1;1;37;3;1
1;5;4;1;1;1;1;3;3;1;2;7;4;3;36;3;2
1;5;4;1;1;1;1;2;3;2;1;5;1;2;43;3;1
2;5;3;2;1;1;1;2;2;1;1;5;1;2;34;2;1
1;5;5;2;1;1;2;1;3;2;1;2;1;1;50;4;2
1;5;3;1;1;3;1;2;3;1;2;1;.;1;49;4;2
1;5;5;2;1;3;2;3;3;2;2;2;1;1;23;1;2
5;1;5;1;1;3;2;2;2;2;3;5;3;3;19;1;1
4;3;4;2;1;3;1;1;2;2;3;1;1;1;66;5;1
5;1;2;2;1;.;2;2;1;1;1;1;2;1;50;4;2
1;5;4;1;1;1;1;1;3;1;1;7;5;1;39;3;1
1;5;3;1;2;3;1;1;3;1;1;5;5;1;24;1;2
1;5;5;3;1;1;2;3;3;1;3;2;1;3;18;1;1
5;2;3;2;1;1;1;1;1;2;1;2;1;1;54;4;1
1;5;5;2;1;3;1;3;3;2;3;4;1;3;54;4;2
1;5;4;1;1;3;1;1;1;1;2;8;4;3;40;3;2
2;4;5;2;1;3;1;2;3;2;1;6;3;3;37;3;1
1;5;5;2;1;2;.;.;3;2;1;2;1;1;62;5;1
1;5;3;1;1;3;1;2;1;2;2;3;2;3;31;2;1
1;3;5;2;1;3;1;2;3;2;2;2;1;3;43;3;2
1;4;1;1;2;1;2;1;1;.;1;1;2;3;66;5;2
1;1;5;2;1;1;1;1;1;1;2;1;1;3;42;3;1
4;1;3;1;2;1;1;3;3;1;3;2;1;1;48;4;1
1;5;3;1;2;1;1;2;2;1;1;2;1;1;63;5;2
1;5;3;3;1;3;1;1;1;1;.;3;2;3;25;2;2
1;1;5;2;1;3;2;3;1;2;3;5;1;5;34;2;2
1;5;5;1;1;1;1;3;2;1;1;5;2;3;28;2;1
5;5;5;2;1;3;2;1;1;2;3;5;1;3;48;4;2
1;5;4;1;1;1;1;2;3;1;1;1;1;4;69;5;1
1;5;5;2;1;3;1;1;1;1;1;4;1;3;38;3;1
1;5;5;3;1;3;1;2;3;1;1;7;4;3;73;5;2
2;5;5;2;1;3;2;1;3;1;3;1;1;3;51;4;2
1;4;5;2;1;3;2;3;3;2;1;5;1;3;30;2;2
1;1;5;1;1;3;2;2;1;1;3;5;1;3;37;3;2
1;5;5;2;1;1;2;3;2;2;1;4;4;3;25;2;1
1;1;5;1;1;3;1;1;1;1;3;6;3;1;59;4;2
1;1;5;2;1;3;1;2;2;2;.;1;1;3;54;4;2
1;4;5;1;1;3;1;3;3;1;1;3;1;3;23;1;2
1;5;4;1;1;3;1;1;1;1;1;4;2;3;47;4;2
2;5;3;2;1;3;2;3;1;1;2;2;1;3;48;4;1
1;2;5;3;2;3;2;1;1;1;1;2;1;2;16;1;2
1;5;5;3;1;3;1;1;3;2;1;4;1;2;37;3;2
2;5;5;2;1;1;1;2;1;1;1;5;1;3;28;2;1
1;5;5;1;1;3;1;3;3;1;1;6;2;2;35;3;2
1;5;5;2;1;3;2;3;3;2;3;2;1;2;52;4;2
1;5;4;2;1;3;1;3;3;2;1;1;1;1;48;4;2
1;5;5;2;1;3;2;1;3;2;1;2;1;1;42;3;2
5;1;5;3;1;1;1;1;1;2;3;2;1;3;18;1;2
1;5;5;2;1;3;2;1;1;1;1;5;1;3;53;4;1
1;5;4;3;1;1;1;1;1;2;.;1;1;3;61;5;2
1;5;5;3;1;3;2;1;3;2;1;8;2;2;31;2;2
1;5;3;1;2;3;1;2;3;2;1;5;1;1;29;2;2
1;1;5;2;1;2;1;1;3;2;1;1;1;3;28;2;2
1;5;5;1;1;1;2;2;2;1;1;6;1;3;34;2;2
1;4;5;2;1;1;1;2;1;1;1;7;4;3;58;4;1
2;5;5;2;1;3;2;3;3;1;1;7;3;1;38;3;1
1;5;5;1;1;3;1;3;1;1;98;5;1;2;25;2;1
1;5;5;2;1;3;1;3;3;2;1;2;4;5;68;5;1
1;4;4;2;1;1;1;1;1;2;3;1;1;2;48;4;1
1;5;5;3;1;3;2;3;3;1;2;5;.;1;29;2;2
2;5;3;1;1;1;1;1;1;1;1;5;1;2;17;1;1
2;2;5;3;1;3;1;2;3;1;3;4;.;2;16;1;2
1;5;.;3;.;3;.;.;.;.;.;3;1;3;42;3;2
1;5;3;2;1;.;1;3;3;1;.;4;1;3;39;3;2
4;5;5;2;1;3;1;2;1;1;2;2;1;3;41;3;1
1;4;3;3;1;1;2;2;3;2;2;3;1;3;44;3;1
1;5;5;2;1;3;1;2;3;1;1;8;1;2;46;4;2
.;.;4;2;1;.;1;.;.;2;1;1;.;3;60;5;2
4;4;4;2;1;3;2;1;3;2;1;4;1;2;38;3;1
4;4;1;2;1;2;2;2;.;2;.;5;2;1;33;2;1
1;2;5;1;1;1;2;1;2;1;2;7;2;1;38;3;2
1;5;5;3;1;3;1;2;2;1;1;7;4;1;33;2;1
5;5;4;1;1;3;1;2;3;2;1;4;4;1;53;4;1
1;5;5;3;1;1;1;2;2;1;1;5;3;2;20;1;2
1;5;3;1;1;1;1;1;3;1;1;8;4;98;40;3;1
1;5;5;1;1;3;1;1;1;1;1;7;3;1;47;4;2
5;1;2;1;2;2;2;2;1;1;2;6;1;98;73;5;2
1;5;5;2;1;1;1;1;1;1;3;4;1;3;42;3;1
1;5;5;2;1;1;1;2;3;1;1;8;4;3;60;5;2
1;5;4;2;1;1;1;1;3;1;1;1;1;3;40;3;2
1;2;5;3;1;3;1;2;3;1;3;4;1;3;21;1;1
1;5;5;2;1;3;1;3;3;1;3;5;2;2;53;4;2
3;5;5;3;1;3;2;2;3;2;1;5;1;1;19;1;2
1;5;4;3;1;1;1;1;3;1;2;4;3;1;16;1;1
1;5;5;3;1;3;1;2;2;.;.;6;3;3;20;1;2
1;5;5;2;1;1;1;3;3;2;1;2;2;1;53;4;1
1;1;5;2;1;2;1;1;3;2;3;5;1;1;31;2;1
1;5;5;3;1;3;2;3;3;1;3;7;4;3;21;1;2
1;5;5;2;1;3;1;2;3;2;1;1;2;3;52;4;2
1;5;5;3;1;3;2;3;1;1;2;4;1;1;18;1;1
1;1;5;2;1;3;1;2;1;2;1;1;1;1;36;3;2
1;1;5;2;1;3;1;1;2;2;1;5;1;3;48;4;2
1;5;5;1;1;1;2;3;3;1;1;7;3;1;51;4;1
2;2;4;1;1;3;1;2;2;1;3;4;1;3;19;1;1
1;5;3;2;1;3;1;1;1;1;1;5;1;3;39;3;1
4;4;4;2;1;1;1;2;3;2;1;5;1;2;31;2;2
1;2;4;1;1;1;1;3;3;1;1;5;2;3;28;2;1
1;1;5;1;1;1;1;1;1;1;1;5;4;1;68;5;2
1;5;5;3;1;3;1;3;3;1;1;5;3;2;22;1;2
1;4;4;2;1;3;2;2;1;2;1;8;4;3;49;4;2
4;2;3;3;1;1;1;3;2;2;1;5;2;3;23;1;2
1;1;5;2;1;3;1;3;3;2;1;3;1;3;51;4;1
1;5;3;1;1;3;1;3;3;1;1;6;4;1;22;1;1
5;5;5;2;1;3;2;1;.;1;3;2;1;3;53;4;2
1;5;5;2;1;3;1;3;3;2;1;6;2;1;35;3;2
1;5;5;2;1;3;1;.;2;2;1;8;.;2;34;2;2
1;4;5;2;1;1;2;1;1;2;2;4;1;5;18;1;2
5;4;5;2;.;3;1;3;2;.;3;5;1;3;45;4;1
1;5;3;2;1;1;1;3;1;2;2;5;3;3;58;4;1
1;5;3;2;1;3;1;2;3;1;3;5;3;2;35;3;2
1;2;5;3;1;2;1;2;3;.;1;4;1;3;19;1;2
1;5;4;3;1;1;1;3;3;1;1;5;3;3;36;3;1
1;5;3;3;1;1;2;3;3;1;1;4;1;1;18;1;1
1;5;5;3;1;1;1;2;3;1;1;7;3;1;65;5;2
1;5;5;3;.;3;1;1;3;.;1;5;2;1;30;2;2
2;4;3;3;1;3;2;1;3;1;3;5;1;4;46;4;2
1;5;5;2;1;2;2;2;1;2;3;1;3;3;45;4;1
1;5;5;1;1;1;1;3;3;1;3;2;1;2;27;2;1
1;5;5;3;1;1;1;3;3;.;1;4;3;3;22;1;2
.;.;.;2;.;.;2;1;.;.;.;1;1;3;63;5;1
1;5;5;3;1;3;2;3;3;1;3;4;1;3;22;1;2
1;5;4;3;1;3;2;2;3;1;1;5;1;3;19;1;2
1;5;5;2;1;3;2;1;3;2;3;1;1;2;45;4;2
1;5;5;2;1;2;2;1;3;1;2;5;2;2;34;2;2
.;.;3;2;.;3;2;3;3;.;1;5;1;1;40;3;2
5;1;3;1;1;3;1;1;1;2;1;1;1;3;48;4;2
1;5;4;2;1;3;1;3;3;2;.;4;1;2;41;3;2
1;2;5;2;1;2;2;2;2;1;3;2;1;1;43;3;1
1;5;3;1;1;3;1;1;3;1;3;6;2;1;36;3;2
5;5;.;2;2;3;1;2;2;2;1;2;1;1;53;4;1
1;5;4;3;1;3;2;2;3;1;1;5;1;2;24;1;2
5;1;5;2;1;2;1;3;1;2;1;2;1;1;73;5;1
1;5;3;3;.;1;1;3;2;1;1;6;1;3;22;1;1
1;5;5;2;1;1;2;3;3;2;1;8;3;3;49;4;1
1;5;3;2;1;1;1;3;3;1;1;8;1;1;53;4;1
4;5;4;1;1;3;2;3;3;2;2;5;3;3;59;4;2
4;1;5;2;1;1;2;1;1;2;3;1;1;3;71;5;2
1;5;3;3;2;3;2;3;3;1;1;5;1;3;26;2;1
1;5;3;3;1;1;1;3;3;1;2;5;4;1;21;1;1
1;5;4;2;1;1;.;2;3;1;1;6;3;3;37;3;2
1;5;4;2;1;3;1;3;3;1;3;5;3;2;45;4;1
5;5;4;1;1;1;1;1;2;1;1;5;3;2;27;2;1
1;5;5;2;1;3;2;3;1;1;3;1;3;1;74;5;1
1;5;5;2;1;3;1;3;3;2;1;8;4;1;40;3;1
1;5;3;2;1;1;1;2;3;1;1;5;2;3;49;4;2
1;1;5;2;1;1;2;1;1;2;1;2;1;2;39;3;2
1;5;5;3;1;1;1;2;2;1;1;5;1;2;19;1;1
1;2;3;2;1;3;2;3;3;1;2;7;3;4;27;2;2
1;5;3;2;1;3;2;3;2;2;3;2;1;3;52;4;2
1;5;5;1;1;3;1;2;3;1;1;2;3;2;80;5;2
1;5;5;2;1;3;1;1;2;1;1;5;2;1;32;2;1
5;5;5;2;2;1;2;3;3;2;1;1;4;1;40;3;1
1;5;5;3;2;3;1;1;1;1;1;5;1;1;49;4;1
1;4;5;1;1;3;1;1;3;1;1;8;5;1;75;5;2
1;5;3;1;1;3;2;3;2;2;1;4;2;3;29;2;2
1;5;5;2;1;1;1;1;1;2;1;5;1;3;35;3;2
4;5;4;2;1;1;1;3;3;2;2;4;1;3;21;1;2
1;5;3;3;1;1;1;1;3;1;1;5;3;1;19;1;2
4;5;5;2;1;.;2;2;1;2;1;1;1;1;58;4;2
1;4;5;2;1;3;2;3;3;2;3;4;4;3;17;1;2
1;5;3;1;2;1;1;2;2;1;1;7;5;3;44;3;1
1;5;3;1;1;1;1;2;1;1;3;8;2;1;42;3;1
1;4;3;1;1;3;2;2;3;1;1;5;1;3;49;4;2
1;5;3;1;1;3;2;1;1;1;3;4;2;3;31;2;1
1;5;4;2;1;3;1;1;1;1;3;5;2;2;30;2;2
1;5;5;2;1;1;1;2;3;1;1;7;3;1;33;2;1
1;5;3;3;1;1;2;1;3;2;1;5;2;3;18;1;1
1;5;4;1;1;1;1;3;3;1;3;5;4;1;40;3;1
1;5;5;2;1;.;1;3;.;2;3;5;.;1;45;4;1
5;5;5;1;1;3;1;2;1;.;2;4;1;1;38;3;2
2;2;1;2;1;1;2;1;1;2;2;1;1;1;39;3;2
1;4;5;2;1;2;2;3;2;2;1;7;1;1;51;4;2
1;5;5;2;1;2;2;3;3;2;3;2;1;5;20;1;1
5;5;3;1;1;1;1;2;1;1;2;5;3;3;34;2;1
4;2;5;2;1;3;1;3;3;2;1;1;1;1;63;5;1
5;5;5;3;1;3;1;3;3;1;1;4;2;3;21;1;2
1;5;5;1;1;3;1;3;3;1;1;5;1;2;37;3;2
5;1;5;2;1;2;2;2;1;1;3;5;2;1;21;1;2
1;1;5;2;1;3;2;3;3;2;1;2;1;3;32;2;2
1;5;5;3;1;1;2;1;1;2;2;5;1;3;42;3;1
5;5;1;2;2;1;1;1;2;2;1;5;4;2;32;2;1
1;5;3;1;1;1;1;2;2;1;1;8;3;1;46;4;1
1;5;5;2;1;1;2;3;3;1;1;6;1;98;35;3;2
1;5;4;1;1;3;1;3;1;1;2;4;4;3;47;4;1
1;5;5;1;1;2;2;1;2;2;1;4;3;3;24;1;1
1;1;5;3;1;2;2;1;2;2;3;2;3;4;34;2;2
2;4;2;1;2;1;1;3;3;1;1;4;3;1;25;2;2
4;5;3;1;1;1;2;3;3;1;1;4;2;3;22;1;2
1;5;4;2;1;1;1;3;2;1;1;5;1;1;21;1;1
1;5;5;3;1;1;2;3;3;1;1;4;1;3;18;1;1
.;.;.;2;1;.;2;2;2;2;.;1;1;98;68;5;2
1;5;4;2;1;1;1;3;1;1;2;5;1;2;33;2;1
5;5;5;1;1;2;2;1;2;.;1;3;.;1;64;5;2
4;4;5;3;1;1;1;3;3;1;3;4;1;3;19;1;2
3;1;4;2;1;3;2;1;3;2;2;1;1;1;36;3;2
1;5;5;2;1;1;1;3;1;1;1;5;1;3;59;4;1
1;5;5;2;1;1;1;2;2;2;1;5;1;98;35;3;2
1;5;2;3;2;1;1;3;3;1;2;7;4;3;62;5;2
1;5;5;2;1;2;1;2;3;2;1;5;1;3;21;1;2
1;5;4;1;1;1;1;1;1;2;2;5;1;1;48;4;1
1;5;5;1;1;1;1;3;3;1;3;5;1;1;40;3;2
1;5;5;2;1;3;2;1;3;1;1;5;1;2;45;4;2
5;5;5;2;1;1;1;3;3;2;3;3;1;98;23;1;1
1;5;5;1;1;1;1;1;1;1;2;5;1;3;56;4;1
1;5;4;1;1;3;1;3;1;1;3;1;1;2;74;5;2
1;5;5;1;1;1;1;1;1;1;1;7;4;1;76;5;1
2;2;3;2;1;1;2;3;1;2;3;2;1;1;23;1;1
1;5;3;3;1;3;.;2;3;2;3;1;1;2;67;5;2
1;5;5;3;1;3;1;2;3;2;1;4;1;3;16;1;2
1;5;3;2;1;1;1;1;2;1;1;6;5;1;40;3;1
1;5;3;2;1;3;2;2;3;2;1;4;1;5;26;2;2
.;1;5;2;1;3;.;3;1;2;2;1;1;3;67;5;2
1;5;5;2;1;3;2;3;3;1;1;2;1;1;41;3;2
1;5;5;2;1;1;2;2;3;2;1;2;2;2;43;3;2
4;4;5;2;1;2;1;2;3;1;3;1;1;1;52;4;1
3;5;5;2;1;3;2;3;3;2;1;2;1;3;21;1;2
4;2;5;2;1;3;1;3;3;1;1;6;1;1;25;2;2
1;1;3;3;1;3;.;2;.;.;.;2;1;1;56;4;2
1;2;.;3;.;3;1;2;3;1;.;5;.;1;40;3;2
1;4;3;1;1;1;2;1;2;.;1;5;4;1;64;5;2
1;5;5;3;1;3;1;1;3;1;1;3;1;1;58;4;2
2;2;5;2;1;1;1;1;1;2;1;4;2;3;66;5;1
1;5;4;3;1;1;2;2;2;1;3;5;1;3;23;1;1
1;5;5;2;1;2;2;3;3;2;1;4;1;1;37;3;2
5;2;4;2;1;1;1;1;1;2;1;1;1;98;54;4;1
1;5;5;2;2;2;1;3;3;2;1;2;3;1;71;5;1
1;5;5;2;1;3;2;3;1;1;1;5;3;3;46;4;1
1;1;5;3;1;1;1;2;3;1;3;4;2;3;17;1;1
5;1;3;2;1;1;2;3;3;2;2;2;3;3;35;3;2
1;5;5;2;1;3;2;3;3;2;1;6;1;1;22;1;2
1;5;3;1;1;3;2;2;3;1;1;7;3;1;41;3;2
1;5;2;2;1;1;2;2;2;1;1;7;3;1;36;3;1
1;5;5;2;1;3;1;3;2;1;3;4;3;1;48;4;1
1;5;5;3;1;1;1;3;3;1;1;5;4;3;17;1;1
1;5;3;2;1;3;2;2;3;2;1;5;5;3;53;4;1
1;4;5;1;1;2;2;3;1;1;3;7;4;3;40;3;2
1;2;4;1;1;3;1;2;2;1;1;3;1;1;59;4;1
5;5;5;1;1;3;1;3;2;1;.;2;1;3;72;5;2
1;1;2;1;.;3;1;1;1;2;3;1;2;2;62;5;2
1;4;5;2;1;3;2;.;.;2;2;2;1;3;36;3;2
5;4;5;2;1;1;1;1;3;1;1;2;1;3;42;3;1
5;5;5;3;1;1;1;3;1;2;98;1;1;1;76;5;2
1;5;5;1;1;3;1;3;2;1;2;7;2;1;39;3;1
2;2;5;1;1;3;1;2;3;2;3;5;1;1;18;1;2
1;5;3;3;1;1;2;3;3;1;3;4;3;1;16;1;1
1;5;4;3;1;1;1;3;3;1;1;4;2;3;18;1;1
1;5;5;2;1;3;1;3;3;2;3;2;1;1;48;4;2
1;1;4;2;1;1;2;1;3;.;1;8;2;3;40;3;1
1;5;5;2;1;1;1;1;3;2;1;2;2;1;70;5;1
1;5;3;1;1;3;1;3;3;1;1;6;5;2;25;2;1
1;5;3;1;1;1;1;1;3;2;1;2;1;1;47;4;1
4;4;5;2;1;3;1;1;3;2;3;1;1;1;39;3;1
5;1;5;2;1;1;1;1;1;2;1;8;2;3;51;4;2
2;4;3;3;1;3;1;2;2;2;1;4;1;3;16;1;1
1;5;3;1;1;3;.;1;1;1;1;5;2;3;50;4;1
1;5;5;3;1;1;1;3;3;1;3;5;1;1;47;4;1
1;5;5;1;1;1;1;3;1;1;1;4;1;1;45;4;1
1;5;5;2;1;3;1;3;3;2;1;5;2;4;35;3;2
1;2;5;3;1;3;1;1;.;.;.;2;2;98;28;2;1
2;2;3;2;1;3;1;2;1;2;1;4;1;3;30;2;2
1;5;5;2;1;1;2;2;3;1;1;5;2;1;53;4;1
1;5;5;1;1;1;2;3;3;1;3;5;3;98;34;2;2
1;5;4;2;1;1;1;3;3;2;1;6;4;1;20;1;1
1;5;5;1;1;1;1;3;3;1;1;7;1;1;41;3;2
1;5;5;3;1;3;1;3;3;2;3;2;1;3;25;2;2
1;5;5;1;1;1;2;1;.;1;2;5;1;3;28;2;1
1;1;4;3;1;1;2;3;3;2;1;5;3;1;17;1;2
1;5;2;1;1;1;1;1;2;2;2;5;4;1;72;5;1
1;5;5;3;1;3;1;3;3;1;.;6;5;3;62;5;1
1;5;5;2;1;3;1;3;3;1;1;5;2;1;48;4;2
1;4;5;2;1;3;2;2;3;1;1;8;4;1;32;2;2
1;5;5;2;1;3;2;3;3;1;1;6;1;3;46;4;1
1;5;4;3;1;1;1;2;2;2;3;1;1;3;62;5;2
5;1;5;1;1;1;2;3;3;2;2;1;2;2;39;3;2
4;4;5;2;.;1;2;2;1;2;2;1;1;3;77;5;1
2;2;5;2;1;3;2;3;3;2;2;1;1;98;60;5;1
1;1;3;1;2;3;2;1;3;1;2;5;2;1;63;5;1
1;5;5;1;1;1;2;.;1;1;1;5;1;1;60;5;1
1;5;5;2;1;1;1;2;2;1;1;5;1;3;28;2;1
2;.;5;3;1;3;1;2;3;.;3;4;1;3;18;1;2
1;.;4;3;.;.;2;.;3;1;.;2;1;1;36;3;2
1;5;5;3;1;1;2;2;3;1;1;5;2;2;40;3;2
2;4;5;3;1;3;2;3;2;.;3;5;1;2;19;1;2
5;1;5;2;1;2;1;1;1;2;2;2;1;2;57;4;1
1;5;5;2;1;1;1;2;3;2;1;8;5;1;60;5;2
5;5;5;1;1;3;2;3;3;1;1;7;3;3;64;5;1
1;5;4;1;1;1;1;3;3;1;3;4;1;1;52;4;2
5;5;3;2;2;3;1;1;1;2;1;2;1;3;52;4;1
1;5;5;3;1;3;1;3;3;2;1;1;.;3;19;1;2
1;2;5;1;1;1;1;1;3;1;2;5;3;3;49;4;1
5;4;5;1;1;1;1;2;2;1;1;5;1;3;40;3;1
1;5;5;2;1;2;1;1;3;1;2;2;3;2;25;2;1
1;1;5;1;1;3;1;2;3;1;3;5;1;1;40;3;2
4;5;3;2;1;1;2;1;2;1;3;6;2;3;53;4;2
1;4;.;3;1;3;2;3;3;1;3;2;2;4;62;5;2
1;1;5;1;1;1;1;1;1;1;1;2;3;1;66;5;1
1;5;5;1;1;1;1;1;2;1;1;7;4;2;28;2;1
1;5;5;2;1;3;2;2;1;2;2;3;.;1;82;5;2
1;5;5;2;1;3;1;2;1;2;2;5;3;3;39;3;1
1;4;3;2;2;1;1;2;3;1;3;2;1;2;45;4;1
2;1;3;3;1;3;2;2;3;2;1;5;1;3;17;1;1
1;3;4;2;1;3;1;3;1;1;2;2;1;1;24;1;1
.;1;4;2;1;1;2;.;2;2;3;1;1;98;62;5;2
1;5;4;1;1;1;2;1;.;1;3;2;4;3;52;4;1
1;5;5;2;2;3;1;3;3;2;3;2;1;3;40;3;2
1;.;.;3;.;2;.;.;.;.;.;2;3;1;51;4;2
1;5;5;3;1;3;2;1;1;1;1;3;1;3;53;4;2
1;5;5;2;1;1;1;1;2;2;1;5;1;1;45;4;1
1;4;5;2;1;1;1;2;3;2;1;7;4;3;26;2;1
4;1;5;3;1;1;1;1;3;1;2;4;4;2;18;1;1
1;2;4;2;1;3;2;3;3;1;2;3;4;3;42;3;2
1;5;5;2;1;1;1;1;3;1;3;7;3;3;37;3;2
1;5;5;1;1;1;2;3;3;1;1;5;5;1;52;4;1
4;5;3;2;1;3;1;3;1;2;1;2;2;98;43;3;2
1;1;3;2;1;3;2;1;1;2;2;2;1;2;31;2;1
1;5;5;2;1;1;2;3;3;1;1;6;3;3;23;1;2
5;1;5;2;1;3;1;1;1;2;3;2;1;2;49;4;2
1;5;3;3;1;3;1;2;3;2;1;5;2;3;24;1;2
5;1;1;2;1;3;1;3;2;1;3;2;1;98;30;2;2
1;5;2;1;1;1;1;3;3;1;1;6;4;1;40;3;1
1;5;5;1;1;3;2;1;1;1;2;2;1;2;63;5;1
4;4;5;3;1;3;2;2;2;1;2;4;2;1;17;1;2
4;1;5;2;1;3;2;1;3;2;3;2;1;3;23;1;2
1;5;5;2;1;2;1;3;1;1;1;5;2;1;39;3;2
1;5;1;1;1;3;2;1;3;1;1;6;1;3;27;2;1
1;5;5;2;1;1;1;1;3;2;1;7;3;1;32;2;2
1;2;5;2;1;3;2;3;3;1;3;2;2;3;39;3;2
1;5;2;1;1;3;1;1;3;1;1;4;3;1;49;4;2
1;1;5;2;1;2;2;1;3;2;1;5;1;98;27;2;2
5;5;3;3;1;2;1;3;1;1;2;4;1;3;16;1;1
1;5;5;3;1;3;1;2;2;1;1;5;1;1;23;1;2
1;5;4;2;1;3;1;1;3;1;2;1;1;1;38;3;1
1;5;5;2;1;1;1;1;2;.;1;4;3;3;43;3;1
2;5;5;3;1;1;1;3;2;2;2;5;3;3;42;3;2
5;2;4;2;1;3;1;2;1;2;1;1;1;98;48;4;1
1;5;5;3;1;3;1;2;3;1;1;6;1;1;24;1;1
1;5;5;2;1;1;2;3;3;2;1;5;2;1;51;4;1
5;5;3;2;1;2;1;3;1;2;3;1;1;98;54;4;2
1;5;5;2;1;3;1;1;1;1;3;3;1;3;60;5;2
1;5;3;1;.;1;1;3;1;1;1;5;2;1;70;5;2
1;5;5;2;1;2;1;2;3;1;3;3;2;3;25;2;2
1;5;5;1;1;2;1;2;3;1;1;7;1;2;37;3;2
1;1;5;2;1;2;2;3;3;2;3;5;3;1;26;2;1
1;5;2;2;1;3;1;2;3;2;2;5;1;3;36;3;2
1;4;5;2;1;1;2;3;1;2;1;2;1;98;47;4;1
1;5;5;2;1;3;1;3;3;1;1;3;3;2;40;3;2
5;5;5;1;1;3;1;2;1;1;2;7;1;2;72;5;1
1;5;3;3;1;1;2;3;3;1;3;4;3;3;16;1;1
5;5;3;3;1;1;1;2;3;1;1;3;2;1;43;3;1
1;2;5;1;1;3;2;3;1;2;1;3;2;3;33;2;2
1;5;4;2;1;1;1;3;1;1;1;2;3;3;38;3;1
1;5;5;2;1;3;1;1;1;1;2;5;1;1;57;4;1
1;5;4;2;1;1;2;2;3;1;2;5;2;3;71;5;1
1;1;.;3;1;2;1;3;.;2;3;3;.;2;45;4;2
1;5;2;1;.;2;1;2;1;1;2;3;.;98;35;3;1
1;4;4;3;2;3;1;1;3;1;1;4;2;1;17;1;2
1;4;5;1;1;1;1;1;3;1;1;4;2;3;47;4;2
1;5;3;3;1;3;1;2;1;1;2;6;4;3;25;2;1
1;4;5;2;1;1;1;3;3;2;1;6;3;3;19;1;1
2;5;4;2;1;1;2;1;3;2;1;5;1;2;30;2;2
1;2;5;1;1;1;2;1;1;1;1;4;4;1;38;3;2
1;5;1;1;1;3;1;2;3;1;1;8;5;1;59;4;1
1;5;5;1;1;2;1;3;1;1;3;2;1;98;57;4;1
1;5;5;2;1;3;2;1;1;2;1;3;1;1;57;4;2
1;1;5;1;1;3;2;3;2;2;3;2;3;3;50;4;2
.;.;2;2;.;.;1;.;1;.;.;1;1;98;47;4;2
1;5;5;2;1;2;2;3;3;2;1;7;1;3;30;2;2
1;5;5;2;1;3;1;3;3;2;1;7;3;3;30;2;1
1;5;5;2;1;1;1;3;3;1;1;7;3;1;47;4;1
2;5;5;1;1;3;1;1;1;1;2;2;1;1;51;4;2
5;2;3;3;1;3;2;2;2;2;1;2;1;1;47;4;2
4;1;1;1;2;1;1;.;3;1;1;2;3;1;75;5;2
5;1;5;2;1;2;2;3;1;2;1;1;3;1;57;4;1
1;5;5;3;1;3;1;1;2;1;3;4;3;1;16;1;2
1;5;5;3;1;3;1;3;3;1;1;8;5;1;39;3;1
1;5;5;2;1;3;1;2;1;2;3;5;2;2;30;2;1
5;4;3;2;1;1;1;2;3;1;1;5;2;3;43;3;1
1;5;3;3;1;1;1;2;3;1;1;5;.;3;20;1;1
5;5;5;2;1;3;2;3;3;2;2;1;1;3;28;2;2
5;5;3;2;1;3;1;3;3;2;2;2;1;3;52;4;1
5;1;5;2;1;3;1;2;3;2;1;2;1;3;54;4;2
5;5;4;1;1;1;1;2;3;1;1;5;4;1;56;4;1
1;5;5;2;1;1;2;1;3;2;1;5;1;3;45;4;2
1;5;3;1;1;1;1;2;2;2;1;5;4;1;70;5;1
2;4;5;1;1;3;2;1;3;1;1;6;3;3;26;2;2
1;5;4;1;1;3;.;2;3;1;3;5;1;2;39;3;2
1;.;4;1;1;1;1;.;1;1;1;2;1;3;51;4;2
2;4;5;1;1;1;1;2;2;1;1;5;1;3;34;2;2
1;5;3;2;1;3;1;1;3;1;1;4;2;98;48;4;1
1;5;3;1;1;3;1;3;3;1;2;3;4;5;50;4;2
1;5;5;3;1;3;1;2;3;2;1;5;3;2;22;1;2
4;4;5;3;1;3;2;3;.;2;2;2;1;3;68;5;2
1;5;4;3;1;1;1;2;2;1;1;7;4;1;33;2;1
4;5;5;2;1;1;2;1;1;2;1;7;3;1;68;5;2
1;5;5;1;.;.;2;1;1;.;1;5;.;1;52;4;2
1;2;5;2;1;3;2;3;3;2;1;7;3;1;30;2;1
1;1;5;2;1;2;1;1;1;1;3;2;3;3;29;2;1
2;2;4;2;1;3;1;1;1;2;1;1;1;1;46;4;2
1;1;4;2;1;1;1;3;3;2;3;4;1;3;18;1;1
4;4;5;2;1;3;2;1;3;1;1;5;1;3;27;2;2
5;5;4;2;1;3;1;1;1;2;1;2;1;5;68;5;2
2;4;3;1;1;1;1;1;1;1;2;5;1;1;42;3;1
1;1;5;2;1;3;2;1;1;2;3;4;1;3;39;3;2
.;.;3;2;.;2;.;1;.;.;.;1;.;1;74;5;1
1;1;5;1;1;3;1;2;3;1;3;5;2;5;42;3;2
1;5;5;3;1;1;1;3;3;.;1;1;1;2;55;4;1
1;5;5;2;1;2;2;3;3;2;1;4;2;1;22;1;1
4;1;5;2;.;1;2;3;3;1;3;2;.;98;59;4;2
1;2;3;3;1;2;1;2;3;1;1;5;1;2;20;1;2
1;1;5;2;1;1;1;3;3;2;.;2;1;3;54;4;2
1;5;5;2;1;1;1;1;.;1;1;5;.;1;41;3;2
1;1;2;1;1;1;1;3;3;1;1;5;1;3;23;1;2
1;5;5;2;1;3;1;3;3;1;1;6;2;3;23;1;1
.;.;5;2;1;3;1;.;.;2;.;3;1;3;25;2;2
1;5;5;3;1;1;1;2;3;2;1;5;2;1;40;3;1
1;5;5;3;1;3;2;2;3;.;2;4;2;1;16;1;2
2;2;5;2;.;.;2;1;2;.;.;6;.;1;34;2;2
1;1;5;1;1;2;1;.;3;1;2;5;.;3;45;4;2
5;5;5;2;1;3;2;2;1;2;3;1;.;3;59;4;1
1;5;4;2;1;1;1;2;3;2;1;5;2;1;34;2;1
1;5;5;1;1;3;1;3;3;1;2;5;1;1;35;3;2
1;5;5;1;1;1;2;3;3;2;1;6;2;1;38;3;2
1;1;3;3;2;3;2;3;2;1;3;5;1;3;28;2;2
1;1;3;2;.;3;2;1;1;.;3;2;2;1;41;3;2
1;.;4;2;1;1;2;3;.;2;.;2;.;98;48;4;1
1;5;4;1;1;1;1;2;1;1;2;5;1;1;52;4;1
1;5;3;2;1;1;1;1;1;2;1;5;1;1;40;3;1
1;5;3;1;1;1;1;3;3;1;1;7;4;1;47;4;2
1;1;5;2;1;1;1;2;1;1;1;6;1;3;22;1;2
3;5;5;2;1;1;1;3;3;2;2;1;1;3;61;5;2
1;5;3;3;1;1;2;1;3;1;1;3;2;1;30;2;2
5;5;5;2;1;3;2;1;1;2;.;1;1;3;64;5;1
1;5;4;1;1;2;1;3;3;2;1;3;2;1;48;4;2
1;5;5;1;1;3;1;3;1;1;1;6;1;1;26;2;1
1;5;5;3;1;1;1;3;1;2;1;5;1;3;59;4;1
1;5;5;1;1;2;1;2;3;1;3;2;.;2;25;2;1
1;5;3;2;1;3;1;1;1;1;1;3;1;2;46;4;2
1;1;5;1;1;1;2;1;3;1;1;5;3;2;48;4;1
1;5;5;2;1;.;2;1;3;2;3;5;2;1;26;2;2
1;3;5;3;1;3;1;3;3;.;1;2;.;3;79;5;2
1;5;3;2;1;1;1;1;2;1;1;5;1;3;52;4;1
1;1;5;2;1;1;1;2;1;2;3;3;1;2;42;3;2
5;5;3;2;1;3;2;1;3;1;2;2;1;3;40;3;2
1;5;5;3;1;2;1;1;3;2;1;4;1;2;68;5;2
2;5;5;2;1;1;2;2;1;2;1;1;1;3;79;5;1
1;5;5;1;1;1;1;3;3;1;3;2;1;2;34;2;1
1;5;5;2;1;1;1;3;3;2;1;4;3;3;37;3;1
1;5;4;3;1;1;1;2;1;1;2;5;1;1;42;3;2
5;4;4;3;1;2;2;2;1;1;3;2;.;3;18;1;2
1;4;5;3;1;3;2;3;1;2;3;2;2;98;25;2;1
1;5;5;2;1;1;1;2;1;1;2;5;3;3;57;4;1
1;3;4;2;1;3;1;3;3;2;2;3;.;3;66;5;1
4;1;5;1;1;2;2;2;1;2;.;1;1;3;27;2;1
5;5;3;3;1;1;2;3;2;1;2;5;6;3;16;1;1
1;1;4;2;1;.;1;1;2;2;3;1;1;3;46;4;2
1;5;5;2;.;1;.;3;3;1;1;5;1;3;41;3;1
1;5;2;1;2;1;2;2;.;1;1;2;.;3;83;5;2
1;5;5;1;1;3;2;3;3;1;3;5;1;1;30;2;2
1;5;1;1;2;2;2;3;3;1;1;1;1;3;70;5;2
1;5;5;1;1;2;2;3;3;2;2;5;3;1;47;4;2
1;5;3;1;1;1;1;2;1;1;2;3;.;3;57;4;2
1;5;4;3;1;1;2;2;1;1;1;3;1;3;25;2;1
1;5;2;2;2;2;1;1;3;2;1;3;3;1;52;4;1
4;1;2;1;2;2;.;1;.;2;.;2;2;1;52;4;1
1;5;5;2;1;1;1;3;1;2;2;2;1;1;52;4;1
1;5;4;2;1;1;1;1;2;1;1;1;.;1;49;4;2
1;5;5;3;1;2;1;1;2;1;1;4;2;3;17;1;2
1;4;3;2;.;3;2;3;1;2;1;5;1;3;28;2;1
1;5;5;1;1;1;1;1;3;1;1;5;2;3;40;3;1
1;5;5;2;1;3;1;1;1;1;2;2;2;1;51;4;1
4;1;2;2;2;1;2;1;1;1;2;5;1;3;46;4;1
5;3;5;2;1;3;1;1;2;2;3;5;6;5;49;4;1
1;4;5;2;1;1;1;2;2;2;3;5;2;3;38;3;1
1;5;4;1;1;3;1;2;1;.;1;2;.;1;72;5;2
1;5;5;1;1;3;2;2;2;1;3;6;3;1;25;2;1
1;2;3;2;1;1;2;3;3;1;1;5;1;3;28;2;2
1;1;3;2;1;1;2;2;2;2;3;2;1;3;70;5;1
1;5;3;1;1;3;1;1;1;1;3;5;4;1;49;4;1
2;5;4;2;1;1;1;2;2;1;1;5;2;2;47;4;2
1;5;5;2;1;3;1;3;3;2;1;2;2;1;52;4;2
1;2;5;1;1;3;2;3;3;2;1;2;.;3;57;4;1
1;5;5;1;1;2;1;1;3;1;1;5;2;2;29;2;1
2;5;5;3;1;2;1;2;1;2;1;4;1;3;19;1;2
1;5;4;1;2;3;2;2;3;1;1;6;2;3;26;2;2
1;5;5;3;1;3;2;2;3;1;2;5;1;3;23;1;1
1;5;5;3;1;1;1;1;2;1;1;5;1;3;19;1;2
1;5;5;1;2;1;1;1;1;2;1;6;4;1;59;4;1
1;2;5;1;1;3;1;3;3;1;1;2;1;3;50;4;2
1;5;3;2;1;1;1;1;2;1;1;3;3;3;64;5;1
4;4;3;1;.;3;.;.;.;.;.;1;1;98;64;5;2
1;5;5;3;.;.;1;1;2;1;2;5;.;3;28;2;2
1;5;3;1;2;3;1;2;3;1;3;5;4;1;48;4;1
5;5;4;2;1;1;1;1;1;2;3;2;2;1;28;2;1
1;5;5;3;1;3;2;2;2;1;1;4;2;4;23;1;1
2;2;2;3;.;2;1;3;2;1;2;4;3;2;16;1;2
1;2;4;1;1;1;1;3;2;1;1;5;2;1;47;4;1
1;5;5;3;1;3;1;1;3;2;1;4;1;3;16;1;1
1;3;5;3;1;3;1;3;3;1;1;4;2;1;16;1;2
1;5;5;1;1;3;1;3;3;1;1;5;3;3;35;3;2
1;5;5;2;1;3;2;3;3;2;1;6;3;4;37;3;1
2;4;5;1;1;1;1;3;3;1;1;5;4;3;46;4;2
1;2;5;1;2;3;2;3;3;1;3;2;1;1;49;4;1
1;5;5;1;1;1;1;2;1;1;1;4;1;3;19;1;1
1;5;4;2;1;1;2;3;2;1;1;1;1;3;71;5;1
1;1;4;2;1;3;1;2;1;2;1;5;1;1;35;3;1
5;5;3;2;1;1;1;3;3;1;1;5;3;3;53;4;2
1;5;4;3;.;1;1;3;3;1;1;4;1;2;18;1;1
1;5;5;3;1;3;1;2;1;1;2;5;4;2;49;4;1
1;5;5;3;1;2;1;3;2;2;3;3;2;4;43;3;2
1;5;3;3;1;3;1;2;1;1;2;4;1;3;17;1;2
1;5;5;1;1;1;1;2;3;1;1;4;1;3;25;2;2
1;5;4;1;1;3;2;2;1;1;2;5;1;1;30;2;1
1;5;4;3;1;2;1;1;3;2;2;4;2;3;18;1;2
4;5;5;3;1;3;1;3;3;2;1;4;1;3;16;1;2
4;1;5;2;1;3;1;1;3;2;2;2;1;3;55;4;1
4;4;4;3;1;3;1;1;2;1;1;5;1;3;38;3;2
1;5;3;2;2;.;1;2;2;2;2;1;1;3;64;5;1
1;4;5;3;1;2;1;2;1;2;1;4;1;3;18;1;2
1;1;3;2;1;2;2;1;1;2;2;2;1;3;18;1;2
1;5;3;1;2;1;1;3;1;1;2;5;.;1;64;5;1
1;5;5;2;1;3;.;1;2;2;3;2;1;1;48;4;1
1;5;3;1;1;2;2;3;2;1;3;5;1;3;51;4;1
4;1;5;2;1;1;2;3;1;2;1;3;1;3;36;3;2
1;5;5;3;1;1;1;3;3;1;2;4;1;3;19;1;1
1;5;5;2;1;1;2;2;2;2;2;5;2;3;37;3;2
4;4;5;3;1;1;2;3;2;2;1;5;2;1;23;1;2
5;5;5;2;1;3;1;3;3;1;1;2;2;3;36;3;2
1;5;3;2;1;1;1;.;2;1;1;4;1;3;35;3;1
1;5;5;2;1;3;1;2;3;2;1;7;1;1;25;2;2
1;5;5;2;1;1;1;3;3;2;1;6;1;3;46;4;2
1;5;5;3;1;1;1;2;3;1;1;4;2;3;17;1;2
1;5;5;1;1;2;1;1;2;1;1;7;2;2;30;2;2
1;5;3;1;2;1;1;2;2;1;3;7;4;3;34;2;1
1;5;5;1;1;3;2;1;1;1;.;5;1;3;48;4;2
1;4;3;2;1;1;1;1;3;.;1;4;2;1;62;5;2
1;5;5;3;1;2;2;1;1;2;3;2;.;1;37;3;1
2;5;4;2;1;3;2;2;3;.;1;1;2;1;52;4;1
1;5;4;3;1;3;1;1;3;2;2;4;1;1;36;3;1
1;5;4;2;1;1;1;2;2;1;1;5;2;3;38;3;1
1;5;5;2;1;3;1;2;3;2;1;7;3;1;31;2;2
1;5;3;1;2;3;1;1;2;1;1;5;2;1;55;4;1
1;5;3;1;1;3;1;2;3;1;1;7;3;3;32;2;2
1;5;3;3;1;2;1;2;2;1;1;4;1;98;22;1;2
5;5;5;1;1;3;2;1;3;1;1;2;1;1;20;1;1
1;4;5;3;1;3;1;1;3;2;1;5;3;1;47;4;2
1;1;5;2;1;3;1;3;3;2;3;2;2;1;51;4;1
1;5;4;1;1;3;1;1;1;1;3;6;2;1;59;4;2
1;4;3;3;1;2;2;2;2;1;1;5;3;1;40;3;1
5;5;5;3;1;3;2;2;3;2;1;5;2;3;49;4;1
1;5;5;2;1;1;1;1;3;1;1;1;2;2;69;5;1
1;5;5;2;1;3;1;1;2;.;1;5;2;3;45;4;2
1;.;.;3;.;1;2;1;1;2;.;1;1;2;80;5;2
1;5;5;3;1;1;1;1;2;1;1;5;1;1;53;4;2
1;5;5;2;1;3;2;1;1;2;.;1;1;1;26;2;1
1;5;4;2;1;1;1;3;3;1;1;5;1;1;56;4;2
5;.;5;2;.;.;.;3;.;2;.;1;1;3;50;4;2
1;5;3;1;1;3;1;3;3;1;1;2;1;3;66;5;2
1;5;5;3;1;3;2;3;3;2;1;4;4;1;17;1;1
1;5;4;3;1;1;1;3;3;.;98;7;2;1;35;3;2
5;1;5;2;1;3;1;1;2;2;1;4;4;3;25;2;1
5;1;5;3;1;3;1;3;3;1;1;4;.;1;16;1;1
1;1;4;1;1;3;1;2;2;2;1;2;1;1;67;5;2
1;5;4;2;1;3;1;3;3;1;1;5;1;3;44;3;1
1;5;5;2;1;1;1;1;2;1;1;5;2;3;32;2;1
5;5;5;2;1;3;2;2;1;1;1;1;3;3;67;5;2
5;2;5;2;1;3;1;3;3;2;3;2;1;3;28;2;2
1;2;4;1;1;1;2;3;3;1;1;4;1;3;27;2;1
1;5;5;2;1;3;2;1;1;2;2;1;2;98;68;5;1
2;5;5;2;1;3;2;2;2;1;2;7;1;5;41;3;2
1;5;3;3;.;3;1;2;3;.;1;5;4;2;24;1;1
1;5;.;1;1;1;2;3;3;2;1;4;1;3;42;3;2
1;5;5;2;1;3;1;3;3;1;1;8;3;3;28;2;2
1;5;5;1;1;1;1;3;3;2;1;7;5;3;64;5;1
1;2;5;3;1;1;1;3;3;2;1;1;1;3;47;4;2
1;4;3;1;2;1;1;2;2;2;1;3;1;3;69;5;1
1;5;3;3;1;.;2;3;3;2;1;3;1;98;53;4;1
1;5;5;2;1;3;1;1;1;2;3;7;1;1;75;5;2
1;5;5;2;1;3;2;1;2;2;1;3;1;3;40;3;2
1;5;3;2;1;1;2;3;1;1;1;3;2;2;32;2;1
2;2;5;2;1;1;1;2;2;2;2;5;3;3;24;1;1
1;1;4;2;1;3;.;1;1;.;1;1;1;3;71;5;1
5;2;1;2;1;3;2;1;1;1;1;3;1;3;41;3;1
1;5;5;2;1;3;1;3;1;1;2;4;2;2;48;4;1
2;1;3;2;1;3;2;1;3;1;2;1;1;1;53;4;1
2;5;3;3;1;1;2;3;1;1;3;4;.;2;19;1;1
1;5;5;2;1;1;2;3;3;2;3;1;.;1;52;4;2
1;5;5;2;1;2;1;2;2;2;3;7;2;3;55;4;1
1;5;3;1;1;3;1;3;3;1;1;6;3;1;24;1;2
1;4;3;1;2;1;1;2;3;1;2;7;4;1;41;3;1
5;5;4;2;1;3;1;1;1;1;1;4;.;1;65;5;1
1;5;4;1;1;1;1;2;3;1;1;7;4;1;41;3;1
1;5;3;3;1;3;1;3;3;.;2;5;.;3;37;3;2
1;5;3;1;1;1;1;2;3;1;1;7;3;3;26;2;1
1;5;4;1;1;1;1;2;2;1;1;8;5;3;32;2;2
1;5;5;3;1;2;2;2;2;1;2;5;2;3;62;5;2
1;2;5;1;1;1;1;3;2;1;.;7;2;2;23;1;2
1;5;4;3;1;1;1;3;2;1;3;6;2;2;17;1;1
1;1;3;3;1;1;1;1;1;1;3;4;3;1;17;1;1
1;5;4;1;1;3;1;3;2;1;2;5;4;3;39;3;2
2;5;5;1;1;1;1;3;3;1;1;8;4;1;35;3;2
1;5;5;2;1;.;1;3;1;2;1;1;2;1;63;5;1
1;5;3;2;1;3;2;1;3;1;1;5;2;1;34;2;2
1;5;5;2;1;2;1;1;3;2;1;2;1;3;46;4;2
1;5;3;1;1;1;1;2;2;1;1;6;2;1;38;3;1
1;5;5;2;1;3;1;2;3;2;1;6;1;1;25;2;1
1;5;4;2;1;2;1;1;3;2;2;6;1;1;24;1;2
1;5;5;3;1;3;1;1;2;1;3;5;1;5;37;3;1
1;5;4;3;2;3;1;1;3;1;2;4;3;1;17;1;1
1;5;5;2;1;1;1;1;1;.;1;3;2;2;51;4;1
1;5;5;3;1;3;1;3;1;1;3;5;3;3;58;4;2
2;2;2;3;2;1;2;2;3;1;1;5;5;3;19;1;1
1;5;5;2;1;3;1;3;3;1;1;8;4;3;34;2;1
1;5;3;3;1;1;1;2;2;1;3;2;1;3;43;3;2
1;1;4;1;2;1;.;1;3;1;2;3;.;1;53;4;2
1;5;5;2;1;1;1;2;3;1;1;5;4;3;49;4;1
1;5;5;3;2;3;1;3;3;1;3;5;2;1;19;1;2
2;2;5;3;1;3;2;2;1;2;2;3;2;5;56;4;2
1;5;3;1;2;3;1;3;2;1;1;5;2;3;43;3;1
1;5;5;3;1;3;1;3;3;1;1;7;2;4;26;2;2
1;1;5;2;1;1;1;1;1;1;2;2;1;98;47;4;2
1;4;4;3;1;1;2;2;2;2;3;5;3;3;18;1;1
1;5;2;3;1;3;2;2;3;1;1;7;2;1;40;3;2
4;2;5;2;1;2;1;1;1;2;1;5;2;3;23;1;1
5;5;5;3;2;2;2;3;1;1;3;5;3;3;16;1;1
1;5;5;2;1;1;1;2;2;2;2;6;1;2;18;1;2
1;5;4;2;1;3;1;3;2;1;1;2;3;1;48;4;2
1;5;5;3;1;1;1;1;3;1;3;5;1;1;51;4;1
1;5;5;1;1;3;1;3;1;1;2;5;3;2;43;3;2
1;2;5;2;1;2;2;3;3;1;3;7;3;1;25;2;1
1;5;5;3;1;1;1;2;3;1;1;6;2;3;27;2;2
5;1;5;2;1;3;2;1;1;1;1;1;1;3;62;5;1
5;5;5;3;1;1;1;1;3;1;1;7;3;1;40;3;2
1;1;4;3;1;1;1;1;2;1;1;4;1;3;24;1;1
1;5;5;2;1;3;2;3;3;2;1;7;5;1;49;4;1
2;2;3;2;.;1;2;.;2;.;1;3;1;3;44;3;2
.;.;3;2;.;3;.;.;.;.;.;1;1;3;60;5;2
1;5;5;2;1;1;1;3;3;1;1;5;2;3;34;2;2
1;3;5;2;1;2;.;3;3;2;3;2;1;3;29;2;1
1;5;5;2;1;3;1;2;3;2;1;7;3;3;34;2;1
1;5;5;2;1;3;2;1;2;1;3;6;5;3;38;3;1
1;5;3;2;2;3;1;2;1;2;.;4;.;1;30;2;1
1;5;5;3;1;3;1;3;3;1;3;3;1;3;39;3;2
4;4;5;2;1;3;2;2;3;2;2;2;2;2;76;5;1
1;5;3;1;1;1;1;3;3;1;1;6;2;3;41;3;2
3;3;3;1;2;3;2;1;3;2;3;4;1;1;34;2;2
1;5;5;2;1;1;1;2;2;1;2;2;2;3;70;5;1
1;5;5;1;1;3;2;3;1;1;1;5;3;3;20;1;1
1;.;5;1;1;.;2;1;3;2;1;6;1;1;64;5;2
1;5;5;2;1;1;2;2;3;1;3;2;1;3;35;3;2
1;5;5;2;1;3;1;2;3;2;3;2;1;1;55;4;1
1;5;4;3;1;1;1;3;3;1;1;5;1;2;32;2;1
1;5;5;3;1;1;1;3;3;1;3;5;1;5;48;4;2
5;5;4;3;2;3;2;3;3;.;.;1;.;2;80;5;2
1;5;5;3;1;3;1;3;2;1;1;5;4;1;39;3;1
1;5;3;1;1;2;1;3;3;1;1;5;1;3;67;5;1
1;5;5;3;1;3;1;1;3;1;1;5;2;3;56;4;2
1;5;5;2;1;3;1;1;3;1;1;6;.;2;26;2;1
1;1;5;2;1;3;1;3;3;1;3;5;1;3;34;2;2
1;.;5;3;1;3;1;2;2;.;1;5;1;1;48;4;2
1;5;5;2;1;3;2;2;1;1;2;5;1;3;25;2;2
5;2;5;2;1;1;1;2;1;2;1;1;1;5;59;4;1
5;2;5;3;1;3;2;3;3;1;1;6;1;3;23;1;2
1;5;5;2;1;1;1;3;3;1;2;5;2;2;36;3;2
2;2;3;3;1;1;2;2;3;1;2;4;1;3;16;1;1
1;5;5;2;1;1;2;3;3;1;2;7;.;3;46;4;2
4;2;5;2;1;1;1;1;2;2;3;5;1;3;34;2;2
1;2;5;2;1;1;2;1;2;1;2;6;1;1;28;2;2
1;5;5;2;1;3;1;2;2;1;1;5;1;2;35;3;2
1;5;5;1;1;3;2;3;1;1;2;5;1;3;37;3;1
3;1;5;2;1;3;2;3;3;2;3;2;3;3;37;3;1
1;5;3;1;1;2;1;1;1;1;1;5;2;3;19;1;2
1;5;5;1;1;3;1;1;1;1;3;5;1;3;37;3;2
1;5;4;3;1;3;1;1;1;1;3;4;1;2;18;1;1
1;1;5;1;1;1;1;3;3;1;1;1;3;3;63;5;1
1;5;5;2;1;3;1;1;3;1;1;5;1;2;55;4;2
1;1;3;3;1;1;1;1;1;1;1;3;1;1;33;2;1
5;2;5;1;1;3;1;1;3;1;1;5;2;4;33;2;2
1;4;2;2;1;1;1;2;2;2;2;4;3;1;25;2;2
1;5;3;1;1;3;1;1;2;1;3;5;1;5;41;3;2
4;2;3;1;1;3;1;1;1;1;3;3;3;1;52;4;1
1;5;5;3;1;1;1;2;1;1;3;5;4;1;51;4;2
1;5;3;1;2;1;1;1;3;1;1;2;2;1;43;3;1
1;5;4;3;1;3;2;3;3;1;1;4;4;3;17;1;1
2;2;3;3;1;3;2;1;2;1;3;1;2;1;65;5;2
1;5;2;1;2;3;2;2;3;1;3;2;2;1;26;2;1
5;4;5;1;1;3;1;1;1;1;2;2;3;1;48;4;1
1;2;3;2;1;3;1;2;2;2;1;3;3;1;56;4;2
1;4;5;3;1;3;1;2;1;2;3;4;1;1;17;1;2
1;5;5;3;1;3;2;2;3;2;3;2;3;1;17;1;2
1;5;5;3;1;.;1;1;3;1;1;5;3;3;60;5;2
1;1;5;2;1;1;2;3;3;2;3;1;1;1;69;5;2
1;4;5;1;1;1;1;3;1;1;2;5;3;3;25;2;1
1;5;3;1;2;1;1;3;1;1;1;5;4;1;66;5;1
4;5;5;2;1;2;2;1;.;1;3;5;2;3;41;3;2
3;3;5;2;1;3;1;2;3;2;3;4;1;2;42;3;1
1;5;5;2;1;3;1;3;3;2;1;4;1;98;45;4;1
3;3;.;3;.;.;.;.;.;.;.;5;1;1;52;4;2
1;5;3;1;1;3;2;1;1;2;1;5;1;2;22;1;1
1;5;5;3;1;1;1;3;3;1;1;7;5;3;52;4;1
1;1;5;2;1;2;1;3;1;.;1;5;1;1;36;3;2
.;1;3;1;1;2;.;3;1;1;3;1;2;1;63;5;2
1;5;5;2;1;3;.;3;2;2;2;1;1;5;58;4;1
5;5;5;3;1;3;1;2;2;1;1;5;1;1;20;1;1
1;5;2;1;1;3;1;2;2;1;1;6;1;1;19;1;2
5;5;5;1;1;1;2;1;1;2;3;2;1;1;48;4;1
1;5;4;2;1;3;1;2;3;1;1;5;2;1;59;4;2
5;2;3;3;1;3;2;1;3;.;1;6;3;1;20;1;1
1;5;4;2;1;2;1;3;2;1;2;2;1;1;25;2;1
1;2;5;2;1;1;1;2;2;1;1;7;3;1;46;4;2
3;3;3;3;1;3;2;3;2;2;3;4;1;1;19;1;2
1;5;5;2;1;1;1;2;2;1;3;2;2;1;47;4;1
1;5;3;2;1;3;1;2;3;1;1;7;3;1;67;5;2
.;.;4;2;1;2;1;1;1;1;1;5;1;1;60;5;2
1;1;5;2;1;1;1;2;3;2;.;5;3;3;28;2;1
1;5;3;1;1;3;1;1;2;1;3;7;5;1;22;1;2
1;5;4;2;1;1;2;1;1;1;3;2;4;1;59;4;1
2;5;3;3;1;3;1;3;2;2;2;4;1;3;17;1;1
1;2;5;3;1;3;1;1;2;2;1;5;.;98;46;4;2
4;5;3;3;1;2;1;3;3;1;.;4;2;3;21;1;2
1;5;5;1;1;1;1;2;2;1;1;8;4;3;52;4;2
1;1;5;3;1;1;2;1;1;2;1;7;4;1;63;5;1
1;1;5;2;1;3;2;2;3;2;1;2;1;3;62;5;1
1;5;5;2;1;3;1;2;1;2;1;7;2;3;38;3;1
2;2;3;2;1;3;2;1;3;2;1;1;1;3;33;2;1
4;4;3;3;1;1;1;2;2;1;1;5;3;3;21;1;1
1;5;5;2;1;3;1;1;3;2;3;5;4;1;51;4;2
2;2;5;2;1;2;.;2;1;2;2;1;1;2;78;5;2
1;5;5;2;1;3;1;3;3;2;1;7;.;2;39;3;1
1;4;4;3;2;3;1;1;2;2;3;4;4;2;16;1;1
1;5;3;1;1;3;1;1;3;2;1;5;3;3;24;1;1
4;4;4;3;1;3;2;1;2;1;1;6;2;3;18;1;1
1;5;4;1;1;1;2;1;1;2;2;5;1;3;27;2;1
5;3;4;1;1;.;2;1;.;2;2;3;1;3;69;5;1
1;4;5;1;1;1;2;3;3;1;1;5;3;2;48;4;2
1;1;2;3;2;3;2;1;1;2;3;2;1;3;18;1;2
5;1;5;2;1;3;2;1;1;2;1;1;1;1;47;4;1
1;2;5;3;1;2;1;2;2;2;3;4;1;5;17;1;2
5;5;5;2;1;1;1;1;2;1;2;5;3;2;38;3;1
5;5;3;3;.;1;1;1;3;1;.;6;4;2;50;4;1
5;2;5;2;1;1;1;3;3;.;2;5;1;2;19;1;2
1;1;5;1;1;3;1;.;1;2;1;2;.;3;59;4;2
1;5;4;2;1;1;1;3;3;1;1;3;3;3;46;4;1
1;3;5;1;1;3;2;1;1;1;3;5;3;2;28;2;1
1;5;3;1;1;1;1;2;3;1;1;7;5;1;68;5;1
1;3;.;2;1;3;2;.;3;.;.;3;2;3;47;4;2
5;5;5;1;1;3;1;3;3;1;1;5;3;2;31;2;2
4;4;3;2;1;3;2;2;2;2;2;2;1;1;27;2;2
1;5;3;3;2;1;1;3;3;1;1;4;3;1;17;1;1
.;.;.;2;1;.;.;.;.;.;.;1;.;1;68;5;2
1;5;5;2;1;1;1;1;3;2;1;4;3;2;45;4;1
1;5;5;2;1;3;1;2;2;2;3;5;1;1;35;3;2
1;4;4;1;1;1;1;2;1;1;1;5;3;98;44;3;1
1;5;5;1;1;3;2;2;2;1;3;7;1;5;46;4;1
5;4;2;3;1;3;1;1;1;2;2;1;1;5;24;1;1
4;5;5;3;1;3;2;2;1;2;1;3;1;3;30;2;2
1;5;5;1;1;3;1;2;2;1;1;5;1;3;19;1;1
1;5;5;2;1;3;1;3;3;2;1;5;1;1;59;4;2
1;4;4;1;1;3;2;1;3;2;1;6;3;3;39;3;2
1;5;3;1;2;1;2;2;1;2;3;4;1;1;68;5;1
5;1;4;2;.;2;1;1;3;2;3;1;.;98;45;4;1
1;2;5;2;1;1;2;2;3;2;1;1;1;3;53;4;2
2;1;3;2;1;3;1;3;3;2;2;3;1;1;42;3;2
1;1;.;2;1;2;2;2;1;.;1;1;1;3;51;4;2
1;5;2;1;2;1;2;3;3;1;1;3;6;1;52;4;1
1;5;5;2;1;1;1;1;1;2;1;5;2;3;61;5;1
1;5;5;1;1;1;1;3;3;1;3;5;2;3;61;5;1
1;5;5;3;1;3;1;2;3;1;1;6;1;2;31;2;1
1;5;5;2;1;3;2;1;1;1;1;5;1;2;26;2;2
1;4;5;2;1;3;2;3;3;2;3;1;1;3;56;4;2
1;1;5;2;1;3;1;1;1;1;1;4;2;5;33;2;1
5;5;5;3;1;3;1;3;3;2;3;4;1;3;16;1;2
1;5;3;2;1;1;2;3;3;1;1;7;3;3;23;1;2
4;1;3;2;1;1;1;2;1;2;1;1;1;1;43;3;1
5;1;5;2;1;1;1;1;1;2;1;1;1;1;54;4;1
5;2;5;2;1;1;1;2;1;1;1;1;1;2;67;5;1
2;2;5;3;1;3;2;3;3;2;3;4;1;1;45;4;2
1;1;5;3;1;2;1;1;2;2;1;2;2;1;17;1;1
4;1;3;2;1;1;1;1;2;2;2;2;1;3;26;2;2
1;5;5;2;1;1;1;3;3;2;1;5;1;1;49;4;2
1;5;4;2;1;1;1;1;3;2;3;2;1;1;38;3;1
1;5;5;2;1;3;2;3;3;1;3;5;1;3;50;4;2
1;5;3;2;1;1;1;2;2;1;1;6;3;3;57;4;1
1;1;3;3;1;1;2;3;2;2;2;4;1;3;18;1;2
2;.;5;2;1;.;.;1;1;1;.;2;1;3;58;4;2
1;5;5;3;1;1;1;2;1;1;2;7;3;3;24;1;1
1;5;1;2;1;2;2;1;3;2;1;4;1;5;19;1;1
1;1;5;1;1;3;2;3;1;2;3;4;1;3;26;2;2
1;5;5;2;1;1;2;2;3;1;1;8;4;1;60;5;1
1;5;3;2;1;1;1;2;2;1;1;7;4;3;44;3;1
5;4;3;3;1;3;2;1;1;2;1;2;2;3;72;5;1
1;4;5;2;1;3;1;3;3;.;1;3;1;3;57;4;2
1;5;5;2;1;3;1;1;1;2;2;5;.;3;40;3;2
5;5;5;2;1;1;1;1;1;1;2;3;4;98;66;5;1
1;5;5;1;1;3;2;3;1;1;3;7;3;1;53;4;1
1;5;5;2;1;3;2;1;2;2;3;3;2;3;57;4;1
1;5;5;2;1;3;2;1;3;2;3;5;1;3;26;2;2
5;5;5;2;1;3;2;1;2;2;1;4;1;1;67;5;2
1;5;5;2;1;3;2;2;2;2;1;3;1;3;24;1;2
4;1;4;2;1;1;2;3;3;2;1;1;1;2;70;5;1
1;5;5;2;1;1;1;1;1;2;1;4;1;1;49;4;2
1;4;3;2;1;3;2;1;1;2;3;5;3;1;26;2;1
1;5;5;1;1;3;2;1;2;1;2;5;1;1;36;3;2
1;2;3;1;1;3;1;3;3;1;3;5;2;2;42;3;2
1;1;5;3;1;2;1;1;1;2;2;4;1;98;18;1;2
1;5;5;1;1;1;1;2;3;1;1;7;3;3;29;2;2
1;4;5;2;1;1;1;2;2;1;1;3;2;3;51;4;2
4;2;5;2;1;1;1;3;2;2;3;2;1;5;52;4;2
1;5;4;3;1;1;2;1;2;1;1;4;1;3;64;5;1
1;5;5;1;1;3;1;3;1;1;2;2;1;3;65;5;2
1;5;5;2;1;3;1;2;3;2;1;2;.;3;29;2;2
1;5;3;1;2;3;2;3;3;1;2;5;3;3;21;1;1
4;1;5;2;1;3;2;3;3;2;3;4;3;1;33;2;1
5;2;5;3;1;3;2;2;3;2;1;6;2;3;19;1;1
1;5;2;1;1;2;2;2;3;1;2;1;2;3;56;4;2
1;5;5;3;1;1;2;1;3;1;1;6;4;3;68;5;1
1;4;3;2;2;1;2;3;3;2;1;2;1;3;33;2;1
1;5;5;2;1;3;2;1;3;2;1;5;1;1;37;3;2
1;5;5;1;1;1;1;2;1;1;2;5;4;1;40;3;1
1;4;5;1;1;1;2;2;3;2;1;6;2;3;21;1;1
1;5;2;1;2;1;1;3;3;1;1;5;1;98;37;3;1
1;5;5;3;1;3;2;3;3;2;1;5;2;3;17;1;1
1;5;3;1;2;1;1;2;3;1;1;7;4;1;41;3;1
1;2;5;3;1;2;2;3;3;2;2;5;3;4;18;1;2
1;5;3;2;1;1;1;3;3;1;1;2;1;3;44;3;1
1;5;5;2;1;3;1;3;3;2;1;8;3;2;37;3;2
1;5;5;3;1;1;1;3;3;1;1;6;3;1;20;1;2
5;2;5;2;1;3;1;1;3;1;3;5;3;3;25;2;1
1;1;5;2;1;3;1;1;3;2;3;2;1;3;37;3;1
1;5;5;2;1;3;1;2;1;2;2;4;2;3;58;4;1
1;5;5;3;1;3;1;2;1;1;1;5;3;3;19;1;2
1;5;4;1;1;1;2;1;3;1;1;2;4;3;50;4;1
1;5;5;2;1;1;2;3;3;1;2;5;2;2;46;4;1
1;5;5;2;1;2;1;.;1;2;1;7;3;3;67;5;2
2;5;5;3;1;3;1;1;3;2;2;1;1;3;60;5;2
1;5;3;3;.;3;1;1;3;1;1;5;4;1;64;5;1
5;4;2;2;.;3;1;3;1;2;1;1;1;3;70;5;2
1;5;4;1;1;1;2;3;3;1;1;3;1;3;25;2;1
5;5;5;3;1;3;1;.;1;1;3;1;1;1;61;5;1
1;2;2;2;1;3;1;3;1;2;2;2;2;3;57;4;1
1;1;5;2;1;2;1;2;1;2;1;1;1;3;68;5;2
1;5;3;2;1;1;1;3;3;1;1;2;1;3;38;3;2
1;5;5;1;1;3;2;1;1;1;1;2;3;3;49;4;2
1;5;3;2;1;1;1;2;2;1;2;5;2;1;35;3;1
1;5;5;2;1;1;1;2;3;1;1;1;3;1;69;5;1
1;5;5;3;1;3;2;1;3;1;1;3;1;3;59;4;1
1;5;5;2;1;3;2;.;3;2;3;2;1;3;57;4;1
4;4;3;2;1;3;1;3;1;2;1;8;2;3;32;2;1
1;5;5;1;1;3;1;3;3;1;2;6;2;1;25;2;2
1;5;3;3;1;3;1;2;1;1;1;7;4;1;55;4;1
1;5;1;2;2;1;2;1;1;2;2;5;1;5;64;5;1
1;5;5;1;1;1;1;1;1;1;1;7;3;1;70;5;2
5;5;5;1;.;.;2;1;.;1;2;1;2;1;57;4;2
2;5;5;1;1;1;1;2;3;2;1;1;1;98;83;5;1
1;5;4;1;1;1;1;2;3;1;1;4;3;3;42;3;2
.;.;.;3;.;.;.;.;.;.;.;2;.;1;82;5;2
1;5;5;2;1;1;2;3;3;2;1;4;3;3;42;3;1
1;5;5;3;1;2;1;2;1;1;2;3;1;3;65;5;2
.;5;3;1;.;3;2;1;3;.;1;2;1;98;57;4;2
1;5;3;3;1;3;2;3;3;1;1;6;3;3;22;1;1
1;1;3;3;1;3;2;3;3;1;1;6;3;3;34;2;1
1;5;5;3;1;3;1;3;3;.;1;7;4;3;31;2;2
1;5;3;1;1;3;1;3;3;1;1;7;3;3;34;2;1
1;5;3;1;1;1;1;3;1;1;2;5;1;3;66;5;2
1;5;3;2;1;1;1;2;3;2;1;6;3;4;35;3;1
5;1;5;2;1;3;2;3;3;2;1;1;1;98;62;5;1
1;4;3;2;1;3;2;2;2;2;1;8;4;1;52;4;1
2;.;4;1;1;1;2;2;2;2;3;1;1;98;67;5;1
1;1;5;2;1;3;2;1;3;2;1;2;1;3;51;4;1
5;1;5;1;1;1;2;1;2;2;3;3;1;3;24;1;1
1;5;4;2;.;3;1;2;1;2;1;1;2;98;78;5;1
1;5;3;2;1;2;1;1;3;2;1;1;1;4;69;5;1
1;5;5;1;1;1;1;3;1;1;2;5;2;2;33;2;1
1;5;4;1;1;1;1;1;1;1;1;4;1;1;26;2;1
1;5;3;1;1;3;2;2;1;1;2;4;1;3;46;4;1
1;5;2;2;2;3;2;1;1;2;3;5;4;98;62;5;1
1;5;3;2;1;1;2;3;3;1;1;5;1;1;24;1;1
1;5;4;3;1;1;2;1;3;1;1;4;4;98;44;3;1
2;5;4;2;1;1;1;1;1;1;1;2;.;1;60;5;1
1;5;5;1;1;3;1;3;3;2;1;5;1;3;21;1;1
1;1;.;3;.;2;1;3;1;1;2;1;1;1;51;4;2
4;5;5;3;1;3;1;3;3;2;3;5;1;3;39;3;1
2;2;2;1;1;2;1;1;2;1;3;5;5;1;60;5;2
1;1;5;2;1;1;1;3;3;2;2;5;1;2;76;5;2
1;2;5;2;.;1;2;1;1;2;1;2;1;3;36;3;1
1;5;5;1;1;1;1;3;1;1;2;5;3;1;46;4;1
1;5;3;3;1;1;2;3;3;1;1;6;4;3;19;1;1
1;5;4;3;1;1;1;3;.;1;1;4;.;1;58;4;1
2;5;5;2;1;3;1;1;3;2;1;2;1;3;57;4;2
5;1;5;2;1;3;1;2;2;1;1;5;.;1;28;2;1
1;4;5;1;1;1;1;3;3;1;3;3;2;1;58;4;2
1;5;5;3;1;1;2;1;3;1;.;5;1;3;24;1;2
1;5;5;2;2;3;2;1;1;1;2;5;1;1;67;5;2
5;1;5;2;1;2;1;2;1;2;1;3;1;1;50;4;1
1;4;4;2;1;1;2;2;3;1;1;1;2;3;63;5;2
1;5;5;2;1;1;2;1;3;2;1;1;1;1;57;4;2
1;5;1;1;1;1;1;1;1;1;2;7;3;3;70;5;1
1;5;3;2;1;1;1;3;1;1;2;7;3;1;71;5;1
1;5;5;1;1;1;1;3;3;1;1;4;3;1;28;2;1
1;1;5;2;1;1;1;3;3;2;1;1;1;3;42;3;1
1;5;3;2;1;3;1;2;2;1;1;6;4;1;64;5;1
1;5;5;3;1;3;2;3;.;2;1;5;1;3;67;5;2
1;5;5;3;1;1;2;3;1;1;2;5;7;3;33;2;1
1;5;5;2;1;1;2;1;1;2;1;1;1;3;53;4;2
.;.;.;2;2;.;2;2;.;.;.;1;.;98;65;5;1
1;5;3;1;1;1;1;1;3;1;1;5;1;1;57;4;1
1;5;5;2;1;3;2;1;3;1;1;5;3;2;47;4;2
4;1;5;2;1;1;2;2;2;2;3;3;1;2;38;3;2
1;5;5;2;1;1;1;2;3;1;1;5;3;2;21;1;1
1;5;3;2;1;3;1;3;3;1;1;4;1;1;57;4;2
4;2;3;3;1;3;1;1;3;1;1;2;1;3;23;1;2
1;1;5;1;1;1;1;2;1;2;3;4;1;3;22;1;2
1;1;3;2;1;3;2;1;3;2;3;2;1;5;38;3;2
1;5;5;3;1;3;2;2;3;2;3;1;1;1;62;5;2
2;3;5;2;1;2;1;3;3;2;.;1;.;98;70;5;1
1;5;5;2;1;2;2;3;3;.;3;2;.;1;68;5;2
2;1;3;2;2;3;1;2;2;2;3;2;1;1;66;5;1
1;5;5;1;1;1;1;3;3;1;3;8;4;3;38;3;2
1;1;5;2;1;2;1;3;3;1;1;7;1;3;42;3;1
1;5;5;2;1;1;1;2;3;1;1;5;1;3;34;2;2
2;4;5;1;.;2;2;1;2;1;.;5;4;3;21;1;1
1;5;5;2;1;3;1;1;3;2;2;5;3;3;32;2;2
1;5;5;3;1;3;1;3;3;2;1;5;2;1;28;2;2
1;5;3;1;1;1;1;3;3;1;1;2;2;2;62;5;2
1;5;5;1;1;3;2;2;3;1;1;4;2;1;36;3;1
3;3;5;3;1;2;1;.;.;1;1;5;1;1;33;2;1
1;5;2;3;1;3;1;3;3;.;2;7;1;1;40;3;1
1;5;5;2;1;1;1;2;2;1;1;8;5;3;38;3;1
1;5;3;1;1;1;.;.;3;1;1;7;3;1;74;5;2
1;5;3;1;1;1;1;1;1;1;1;3;3;3;54;4;1
1;5;5;2;1;3;1;3;3;1;1;5;1;3;30;2;1
3;5;4;2;1;1;2;1;3;1;1;1;1;3;54;4;2
1;5;4;1;1;3;1;1;3;1;1;5;1;1;20;1;1
1;5;5;2;1;3;2;1;1;2;1;2;1;3;67;5;1
1;5;5;2;1;3;2;1;3;2;1;3;1;3;38;3;2
5;1;5;2;1;3;2;1;3;2;1;4;1;3;20;1;2
5;1;4;2;1;3;2;1;3;.;1;4;1;3;19;1;2
1;5;3;2;1;1;2;2;1;2;3;5;2;3;51;4;2
1;5;5;2;1;1;1;1;3;2;1;1;1;3;48;4;1
1;5;5;3;1;3;1;3;3;2;1;5;1;3;37;3;2
1;5;5;2;1;3;1;2;3;2;3;6;1;3;33;2;2
5;5;5;2;1;3;1;1;1;1;1;5;1;5;22;1;1
1;5;5;2;1;1;1;3;3;2;1;6;3;1;52;4;1
1;5;3;1;2;1;2;3;2;1;1;8;5;1;45;4;1
1;1;5;3;1;3;1;2;3;2;3;3;2;3;29;2;1
1;1;3;2;1;1;1;3;3;1;1;2;4;1;35;3;1
2;2;5;2;1;1;2;3;1;2;2;5;1;3;28;2;2
1;4;4;3;1;3;1;3;1;2;2;5;5;98;35;3;1
1;1;5;1;1;1;2;3;1;1;98;1;2;3;56;4;1
1;1;5;3;1;2;1;3;3;1;3;1;1;2;30;2;1
1;2;3;1;1;1;1;1;3;2;1;2;1;98;62;5;2
1;1;4;1;1;3;1;2;2;1;1;5;3;3;32;2;2
1;5;5;2;1;1;1;1;3;2;1;4;1;3;46;4;1
2;4;5;3;1;3;2;3;3;2;1;5;1;3;34;2;2
1;5;5;3;.;3;1;1;3;2;.;5;1;3;35;3;2
1;5;5;1;1;1;1;2;3;1;1;5;2;3;19;1;1
1;5;4;1;1;3;2;3;3;1;3;5;1;1;31;2;2
1;5;5;2;1;3;1;3;3;1;3;5;4;3;36;3;1
1;5;4;2;1;2;2;1;2;2;3;4;1;3;20;1;1
5;1;5;2;1;2;1;1;2;2;3;2;1;2;33;2;1
1;5;1;1;1;1;2;1;3;1;1;2;1;1;68;5;2
4;2;5;3;1;3;2;1;3;1;1;5;1;3;54;4;2
1;1;3;2;1;3;1;1;3;1;2;2;1;1;74;5;2
1;5;5;2;1;1;1;3;3;1;3;2;2;3;34;2;1
1;5;1;1;2;3;1;1;1;1;2;1;2;3;70;5;2
1;5;5;2;1;1;1;3;3;2;1;5;3;1;38;3;1
1;5;3;1;1;1;1;2;3;1;1;7;5;1;74;5;1
1;5;3;2;1;1;1;2;3;2;1;5;1;3;30;2;2
5;5;3;1;1;1;2;3;3;1;1;4;1;1;31;2;1
1;5;5;2;1;3;1;3;1;.;2;4;3;3;63;5;1
1;2;5;1;1;3;1;2;1;1;1;5;1;3;68;5;1
4;1;3;3;1;1;2;1;3;2;3;3;1;3;17;1;2
1;1;5;2;.;.;1;1;1;2;3;4;1;2;36;3;2
1;5;5;1;1;3;1;2;2;2;1;7;1;3;34;2;2
4;5;5;2;1;2;2;1;1;2;3;5;1;5;21;1;1
1;5;5;2;1;3;1;2;1;2;3;5;1;1;33;2;2
1;1;5;2;1;2;2;1;1;2;2;5;1;3;18;1;1
4;2;5;2;1;3;1;3;1;2;3;5;1;3;35;3;1
1;5;5;3;1;3;.;1;3;2;1;6;2;2;35;3;2
4;4;5;2;1;3;1;3;3;2;3;5;1;2;34;2;2
1;5;5;2;1;3;1;3;3;2;1;7;5;3;46;4;1
5;1;5;2;1;3;2;3;3;1;3;4;3;1;28;2;2
4;4;3;2;1;2;1;3;1;2;1;1;1;3;86;5;1
1;5;5;2;1;3;1;3;2;2;1;1;1;98;40;3;2
1;5;3;2;1;1;2;2;1;2;1;4;1;3;38;3;1
1;1;5;3;1;1;1;2;2;2;1;4;2;2;18;1;2
1;5;5;2;1;3;2;1;3;.;1;3;3;3;61;5;2
1;5;5;2;1;1;1;3;1;1;1;5;3;1;36;3;1
1;5;5;3;.;3;.;.;.;.;3;3;1;1;48;4;2
1;5;4;2;1;1;1;3;3;2;3;3;1;2;48;4;1
1;5;5;3;1;3;1;3;3;2;1;4;3;1;18;1;1
1;4;5;2;1;1;2;1;1;2;2;5;2;2;40;3;1
5;2;5;2;1;3;1;3;3;2;3;5;4;3;20;1;1
1;5;5;2;1;1;1;2;2;2;1;2;1;3;55;4;1
1;5;4;2;1;1;1;3;3;1;1;5;1;1;22;1;1
1;5;4;2;1;3;1;2;2;2;1;6;5;1;21;1;1
1;4;5;2;1;1;1;2;1;1;1;2;2;1;60;5;2
3;4;5;3;.;2;1;2;1;.;.;1;1;1;76;5;2
1;1;5;3;1;3;1;3;3;1;3;5;2;3;32;2;1
1;5;5;2;1;1;1;3;3;2;1;5;2;3;37;3;1
1;5;4;3;1;1;2;2;2;1;1;6;2;1;17;1;2
1;5;5;3;1;1;1;1;3;1;3;4;1;1;53;4;1
1;5;5;3;1;1;1;3;3;1;1;7;1;3;26;2;2
1;5;5;2;1;3;1;2;3;2;1;7;2;3;24;1;2
1;5;5;3;1;1;1;2;3;1;3;5;3;1;19;1;2
1;5;4;3;1;3;1;3;3;1;1;6;4;3;40;3;1
1;5;.;1;2;1;1;3;2;1;2;1;2;1;74;5;1
1;5;4;2;1;1;1;3;3;1;1;5;5;1;69;5;1
1;5;5;2;1;3;1;1;3;2;1;2;1;2;51;4;2
1;5;5;2;1;1;2;1;1;1;2;1;2;3;62;5;1
1;5;5;3;1;3;1;2;3;2;3;3;1;5;16;1;1
1;5;4;3;1;1;1;2;3;1;3;5;2;2;28;2;2
5;5;5;3;1;2;.;3;3;2;3;5;1;1;42;3;2
5;2;5;2;1;3;2;1;1;2;1;2;1;3;50;4;2
4;5;5;2;1;1;2;1;2;1;3;2;1;3;50;4;2
1;5;4;1;.;3;1;3;3;1;2;2;1;1;41;3;2
.;.;5;2;.;.;.;3;1;.;.;4;2;1;65;5;2
1;1;3;2;1;3;1;3;3;2;3;5;4;1;28;2;1
1;2;4;2;1;2;1;3;3;2;1;5;2;1;62;5;1
1;5;5;2;1;3;2;2;3;1;1;4;2;2;21;1;1
2;4;4;2;1;3;2;3;3;1;3;5;3;1;25;2;2
2;5;3;3;1;3;1;3;3;1;1;5;1;3;41;3;2
1;5;3;1;1;1;1;1;1;1;2;5;3;2;26;2;1
1;5;5;3;1;1;1;2;3;1;1;5;3;2;60;5;1
1;5;5;2;2;3;2;1;3;2;3;2;1;2;20;1;2
.;.;.;2;.;.;1;.;.;2;.;2;1;98;38;3;1
1;5;4;3;1;1;1;1;1;1;2;5;1;1;45;4;1
1;5;3;2;1;1;1;3;3;.;3;5;1;3;22;1;2
1;5;4;1;1;3;1;.;3;.;2;7;3;1;27;2;1
1;5;2;3;.;1;2;2;1;1;2;5;1;3;48;4;2
1;5;5;1;1;3;1;3;3;1;1;7;3;3;33;2;2
1;5;5;2;2;1;1;2;2;2;1;4;1;2;60;5;2
1;5;4;3;2;1;1;1;2;1;3;6;4;4;24;1;1
1;5;3;3;1;1;1;3;3;1;1;5;4;2;49;4;1
1;1;2;2;1;3;1;1;2;2;3;2;3;3;18;1;1
1;5;4;1;1;1;1;2;2;1;1;5;2;3;27;2;2
1;5;3;1;1;3;1;3;3;1;1;5;2;3;67;5;1
1;5;3;2;1;1;1;1;.;1;3;5;3;1;34;2;1
1;1;5;3;1;2;1;3;2;1;2;4;4;3;17;1;1
5;4;2;1;1;1;1;3;.;1;3;5;.;1;62;5;2
4;1;5;1;2;3;2;2;3;1;3;1;1;2;60;5;2
1;5;5;3;1;1;1;1;3;2;2;5;1;3;61;5;2
1;5;5;2;1;1;1;1;2;1;1;4;4;1;58;4;1
1;5;3;3;1;1;2;3;3;1;3;5;3;1;29;2;1
1;5;5;1;1;1;1;1;3;1;.;1;3;1;76;5;1
4;1;4;2;1;2;2;3;3;2;3;1;1;1;55;4;1
1;5;5;1;1;1;1;3;3;1;1;5;2;1;73;5;2
1;5;5;2;1;3;2;1;3;2;1;6;2;3;30;2;2
1;2;5;2;1;3;1;3;3;2;3;5;1;4;31;2;2
1;5;5;3;1;3;2;3;3;1;3;6;3;3;28;2;2
1;2;5;1;1;3;1;1;3;1;98;7;3;1;40;3;2
1;5;4;1;1;1;1;2;3;1;1;8;3;3;36;3;2
5;5;3;1;1;1;1;2;1;1;1;5;1;3;21;1;1
.;2;2;2;.;1;1;1;2;2;3;1;1;1;70;5;2
1;5;5;2;1;3;1;1;1;2;3;2;3;3;70;5;1
.;5;5;2;1;1;1;3;2;2;1;1;1;3;61;5;1
1;.;.;3;.;.;.;.;3;.;.;2;1;3;49;4;2
1;5;5;3;1;3;1;2;3;2;3;5;1;98;32;2;2
2;2;4;1;1;1;1;2;2;1;3;3;3;2;48;4;2
1;5;3;2;1;1;1;3;3;2;1;4;1;2;76;5;1
1;5;5;3;1;3;2;2;1;2;1;2;1;1;62;5;2
.;5;2;3;2;3;2;3;3;1;3;4;1;98;16;1;2
1;5;.;2;.;3;2;2;2;2;3;2;1;3;32;2;2
2;2;3;1;1;3;2;3;3;2;1;5;1;3;18;1;2
1;5;5;2;1;2;1;1;3;2;1;5;1;1;22;1;2
1;5;5;3;1;3;1;3;3;1;1;7;5;1;28;2;2
1;5;3;1;1;1;1;1;2;1;2;5;2;1;71;5;1
2;5;4;3;1;2;1;3;3;2;3;2;1;1;31;2;2
1;2;5;3;1;1;2;1;1;.;2;2;2;3;39;3;2
1;5;5;3;1;3;2;.;3;.;1;5;1;1;45;4;1
1;1;3;2;1;3;2;1;3;2;3;4;.;2;47;4;2
2;1;2;2;1;3;2;1;1;2;3;2;1;3;52;4;1
4;4;3;2;1;3;1;1;2;2;1;5;2;3;24;1;1
1;5;5;2;1;1;1;1;1;2;2;3;2;1;50;4;2
2;4;4;2;2;2;1;2;1;2;3;5;1;3;38;3;1
1;5;4;3;1;3;2;2;3;1;.;7;.;1;38;3;2
1;2;4;3;1;3;2;2;1;1;3;4;3;1;19;1;1
.;.;5;2;.;2;2;3;3;2;.;1;1;98;43;3;2
1;5;4;3;1;3;1;1;3;1;1;5;3;2;39;3;2
1;5;4;2;1;3;2;1;1;1;3;1;1;3;79;5;1
4;4;3;3;2;3;2;3;3;2;3;3;1;3;27;2;2
1;5;5;2;1;3;2;3;3;2;3;3;1;3;24;1;2
1;5;5;3;1;1;1;3;3;1;1;7;2;1;26;2;1
1;5;4;2;1;1;.;3;1;1;1;5;.;98;59;4;2
2;5;5;3;1;3;2;3;3;.;2;5;1;3;29;2;2
1;1;5;3;.;1;1;1;1;.;98;1;1;1;45;4;1
2;2;3;2;1;3;1;1;1;2;2;1;1;1;48;4;2
1;5;3;2;1;1;1;2;3;1;1;5;2;3;43;3;1
5;5;4;2;1;3;1;3;1;1;2;5;7;3;33;2;2
5;2;5;1;1;1;1;2;2;1;2;4;1;3;25;2;1
5;5;5;1;1;1;1;2;1;1;1;6;4;3;40;3;1
1;5;5;2;1;1;2;2;2;2;3;1;.;2;81;5;2
2;4;4;2;1;1;1;2;3;2;1;8;3;3;50;4;2
1;5;5;1;1;1;2;1;1;1;1;2;2;3;75;5;1
1;5;3;1;1;1;2;3;3;1;1;7;4;1;48;4;1
1;5;3;1;1;3;1;3;2;1;3;5;3;3;26;2;1
1;5;3;1;1;3;1;2;2;1;1;8;6;3;33;2;1
1;5;5;2;1;3;1;3;3;2;1;4;3;1;52;4;2
5;5;3;3;1;2;2;3;3;1;.;5;.;3;29;2;2
4;5;5;2;1;3;2;1;1;1;1;1;1;3;65;5;2
1;5;4;3;1;3;2;3;3;1;1;8;4;1;29;2;1
4;5;5;3;1;2;1;2;3;2;3;4;1;3;16;1;2
1;4;5;2;1;3;1;3;3;2;1;7;4;3;47;4;1
5;2;5;2;1;1;1;2;3;2;1;1;3;5;26;2;1
.;.;.;2;.;3;.;.;.;2;.;1;.;98;29;2;2
5;5;.;2;1;3;2;1;1;2;3;1;.;1;67;5;2
1;5;5;2;1;2;2;1;2;1;2;5;3;3;24;1;1
1;5;4;2;1;3;2;2;1;1;3;7;2;5;58;4;2
1;1;5;1;2;1;1;3;3;1;1;5;1;2;29;2;2
1;5;5;2;1;3;1;2;3;1;2;4;2;2;30;2;2
5;5;5;2;1;3;1;2;3;2;1;1;3;5;68;5;1
1;4;4;1;1;1;1;2;3;2;1;3;4;3;26;2;1
1;5;3;3;1;1;2;1;2;1;2;4;2;2;17;1;1
1;5;3;1;1;3;1;3;3;.;1;7;3;98;42;3;2
1;.;5;3;1;3;1;3;3;1;1;5;1;3;18;1;2
5;.;2;3;.;.;2;2;1;2;.;2;.;3;51;4;2
1;.;3;1;1;3;1;2;3;1;.;5;1;3;53;4;2
5;5;4;3;1;1;1;2;1;1;2;1;2;3;55;4;2
1;1;3;2;1;1;2;1;1;2;1;1;3;3;59;4;1
1;5;5;2;1;3;2;1;3;1;3;1;2;3;64;5;2
2;3;5;2;1;2;1;1;3;1;3;5;.;3;22;1;2
1;5;4;3;1;3;2;1;3;1;1;5;1;3;24;1;1
1;5;3;2;1;3;2;1;3;2;1;7;4;3;57;4;1
1;5;5;1;1;1;1;3;3;1;1;5;3;1;45;4;1
1;5;3;2;1;3;1;3;1;1;3;2;1;2;51;4;2
1;1;5;1;1;1;2;2;2;1;1;5;1;2;27;2;1
5;1;5;1;2;3;2;1;1;2;3;5;1;3;24;1;2
5;2;5;2;1;1;1;3;3;2;2;5;1;1;23;1;1
1;1;4;2;1;3;2;2;3;2;3;5;2;2;35;3;2
1;5;5;3;1;3;1;3;3;1;1;4;1;3;17;1;2
1;5;5;2;1;3;1;3;2;1;1;7;3;3;30;2;2
1;5;5;1;1;1;1;1;3;1;1;8;1;3;50;4;1
5;5;5;2;1;1;1;1;3;2;3;4;1;5;35;3;1
1;2;5;3;1;3;1;1;2;1;1;5;1;3;16;1;1
1;5;4;3;1;3;1;1;2;1;1;5;2;1;30;2;1
1;5;5;2;1;2;1;1;1;2;1;5;4;3;62;5;1
1;5;4;1;1;3;1;2;2;1;1;5;1;3;33;2;1
1;4;5;3;1;1;1;2;3;1;1;4;3;2;26;2;1
1;5;4;2;1;1;1;1;3;1;1;2;1;3;65;5;1
1;5;5;2;1;1;1;1;3;1;1;5;4;3;25;2;2
1;4;3;2;2;1;2;1;3;2;1;1;1;98;70;5;2
1;5;5;2;1;1;1;1;3;2;1;7;1;1;48;4;2
1;5;4;2;1;3;1;3;3;1;1;6;4;3;22;1;1
2;1;3;3;1;3;2;2;2;1;1;7;1;1;20;1;2
4;4;4;2;.;3;2;2;3;2;2;1;1;3;40;3;2
1;5;5;1;1;3;1;1;1;1;2;8;1;2;28;2;1
1;5;5;3;1;3;2;2;2;1;1;6;2;2;20;1;2
5;5;3;2;1;3;2;1;1;2;3;1;2;2;71;5;2
1;2;5;2;1;2;2;3;3;2;1;3;1;3;30;2;2
1;5;4;1;1;3;1;2;3;1;1;7;.;1;31;2;2
1;1;5;3;1;1;1;1;3;2;3;4;1;2;19;1;2
1;5;4;2;2;1;1;1;1;2;3;3;1;3;45;4;2
1;5;5;2;1;1;1;1;2;2;1;5;4;1;61;5;2
1;5;4;1;1;1;1;2;3;1;1;3;4;1;44;3;1
1;5;5;2;1;3;1;3;3;1;1;2;1;1;20;1;2
2;5;3;3;2;1;.;1;1;2;3;3;1;2;72;5;2
1;5;3;3;1;3;1;2;2;1;3;5;1;3;21;1;2
1;5;5;3;1;3;1;1;3;1;1;8;5;1;36;3;2
1;5;5;3;1;1;1;3;3;2;2;4;1;5;16;1;2
1;5;5;3;1;1;2;3;3;1;1;3;1;1;47;4;2
1;5;5;3;1;1;2;3;3;1;1;7;3;3;34;2;1
1;2;5;2;1;1;2;3;3;2;1;5;1;3;47;4;2
5;1;5;2;1;2;1;1;1;1;1;5;2;1;41;3;1
1;5;5;2;1;1;1;3;1;2;2;3;1;98;69;5;1
1;1;5;2;1;3;1;1;1;1;1;5;3;3;31;2;1
1;5;5;2;1;1;1;1;3;1;1;5;1;3;31;2;1
2;2;5;1;1;3;1;2;1;1;2;5;2;3;42;3;1
1;5;3;3;1;1;2;2;3;1;3;5;3;3;46;4;2
1;2;5;2;1;2;1;1;2;2;1;2;3;1;44;3;1
1;5;4;3;1;1;1;1;1;1;2;3;1;5;16;1;2
1;5;3;1;1;1;1;3;3;1;1;8;5;1;42;3;1
1;2;2;1;1;1;2;2;2;1;3;7;2;1;27;2;2
1;5;5;2;1;3;1;.;.;1;1;4;1;2;65;5;1
1;5;5;1;2;1;1;2;1;1;2;5;2;3;26;2;1
1;5;4;1;1;1;2;1;1;2;3;6;3;3;22;1;1
.;.;5;3;.;.;2;2;.;.;3;4;1;3;42;3;2
1;5;3;1;1;3;1;3;3;1;1;8;5;1;32;2;2
2;5;5;3;1;1;1;1;1;2;1;3;1;3;21;1;2
1;5;4;2;1;3;1;1;3;2;1;8;2;3;50;4;2
1;5;3;2;.;1;1;3;1;.;3;1;1;3;60;5;2
1;5;3;1;1;1;1;1;3;1;1;4;1;1;27;2;1
5;4;5;2;.;1;2;3;3;2;1;1;1;1;46;4;1
1;4;3;2;1;1;1;1;3;2;1;3;1;3;19;1;2
5;1;5;2;2;3;2;1;3;2;2;1;1;3;37;3;2
1;5;5;3;1;1;1;3;3;.;1;4;1;3;22;1;1
1;5;5;2;1;3;1;1;3;2;2;5;1;2;52;4;2
1;1;5;2;1;3;1;1;3;2;1;1;1;3;74;5;2
1;1;5;2;1;1;1;1;3;.;1;2;1;1;37;3;1
1;5;5;1;1;3;2;1;3;.;1;3;1;1;36;3;2
5;2;5;1;1;1;2;2;3;2;1;1;1;3;62;5;1
1;5;5;1;1;1;1;1;2;2;1;3;1;1;52;4;1
1;5;5;2;1;1;1;3;3;1;1;4;1;2;21;1;1
1;5;5;1;1;1;1;3;3;1;1;5;1;3;60;5;2
1;5;5;3;1;1;1;3;3;2;1;7;3;1;47;4;2
5;4;3;2;1;1;2;3;1;2;3;2;1;4;76;5;2
1;5;4;3;1;3;1;2;3;1;1;7;3;1;25;2;2
1;5;5;2;1;1;1;1;1;1;98;5;4;3;46;4;1
1;5;5;1;1;3;1;3;.;1;.;5;.;2;37;3;2
1;5;4;2;1;1;2;2;1;2;1;2;1;3;36;3;1
1;5;5;1;1;3;1;1;1;1;1;5;3;1;37;3;1
1;4;2;1;1;1;1;1;1;1;2;3;4;3;55;4;1
5;5;5;3;1;3;1;2;3;1;2;6;.;1;18;1;2
5;1;5;2;1;1;1;1;1;1;2;1;3;1;66;5;1
1;5;5;3;2;3;1;3;3;2;1;5;5;3;62;5;1
1;5;3;3;1;3;1;1;2;1;2;7;3;3;26;2;2
1;1;3;3;1;2;2;1;2;1;2;4;3;1;17;1;1
1;5;5;1;1;1;1;1;1;1;98;3;1;3;60;5;2
1;5;4;1;1;1;1;2;3;1;1;6;3;1;20;1;2
1;5;5;3;1;3;1;3;3;1;1;4;5;1;16;1;2
1;5;5;2;1;2;1;3;3;1;1;6;3;3;26;2;1
1;5;3;1;2;1;1;1;3;1;1;2;2;2;50;4;1
1;5;5;3;1;1;1;1;3;1;1;6;3;3;28;2;2
1;5;4;1;1;3;1;3;1;1;3;5;1;1;34;2;1
1;5;3;2;2;1;1;1;1;1;1;5;1;2;33;2;2
5;5;5;2;1;2;1;1;3;1;3;5;2;2;33;2;2
1;5;5;2;1;2;1;1;3;2;1;4;2;1;44;3;2
.;.;.;3;1;.;1;1;1;.;1;5;.;3;78;5;2
1;5;3;1;2;1;1;3;3;1;1;4;1;3;35;3;2
1;5;5;2;1;1;2;1;3;.;.;3;1;1;57;4;2
1;5;4;1;1;1;2;2;1;1;2;2;1;3;55;4;1
1;5;4;2;1;1;1;1;3;2;1;5;2;3;45;4;1
1;1;5;3;1;3;2;1;3;2;3;2;1;3;44;3;2
1;5;5;3;1;3;.;1;1;1;.;8;4;1;62;5;2
1;5;5;3;1;1;2;3;3;2;3;2;1;2;32;2;2
1;5;5;3;1;1;1;3;1;1;1;5;3;2;42;3;2
1;4;.;3;1;3;1;1;1;1;.;4;1;1;20;1;2
5;5;5;2;1;1;1;1;3;2;1;1;1;3;70;5;1
2;1;5;2;1;3;2;2;1;2;1;4;1;3;32;2;2
1;4;5;3;1;3;1;2;3;1;1;6;4;3;18;1;1
5;5;3;2;1;.;.;1;.;2;1;1;1;3;43;3;2
1;5;5;1;1;3;2;2;3;1;1;5;2;3;65;5;1
1;5;5;2;1;3;2;1;3;2;1;4;1;2;42;3;1
1;5;5;1;1;1;1;2;3;1;1;7;5;1;26;2;2
1;1;5;3;1;3;2;3;2;1;3;5;1;3;35;3;1
1;5;5;1;1;1;1;1;1;1;2;5;3;1;43;3;1
5;5;1;3;1;3;2;3;2;2;1;2;2;3;44;3;2
1;5;3;2;2;3;2;2;2;1;.;2;1;2;48;4;2
1;5;3;1;2;1;1;2;3;1;1;5;2;3;57;4;1
1;5;5;2;1;3;1;3;2;1;1;5;1;2;23;1;2
5;5;5;1;1;1;1;2;2;1;1;7;3;3;38;3;1
4;4;5;2;1;3;2;3;3;2;3;5;1;3;48;4;2
1;5;5;1;1;3;1;2;3;1;1;5;1;3;30;2;2
1;2;5;3;2;2;2;1;1;2;3;4;1;3;17;1;1
1;5;5;3;1;1;1;3;3;1;1;6;4;2;20;1;2
1;5;5;1;1;3;1;2;3;1;1;7;4;1;73;5;1
1;5;3;1;2;1;2;3;3;1;1;7;6;1;40;3;1
1;5;3;3;1;1;1;3;3;2;1;6;1;1;62;5;2
1;5;3;1;1;3;2;1;1;1;3;5;4;1;27;2;2
1;5;3;3;.;2;1;3;3;1;3;5;3;5;26;2;1
1;5;4;2;1;3;2;3;3;1;1;8;5;1;46;4;2
1;.;5;2;1;3;1;3;3;2;.;1;1;1;55;4;2
1;2;4;3;.;1;1;1;2;1;1;5;1;1;19;1;1
1;5;4;2;1;1;1;3;2;1;1;5;1;1;21;1;2
1;5;5;1;1;1;1;3;1;1;1;1;3;2;49;4;1
1;5;3;2;1;1;2;2;3;1;1;4;1;3;37;3;2
1;4;5;3;1;3;1;2;1;2;1;5;1;3;22;1;2
1;2;5;2;1;3;1;3;3;2;3;3;2;1;60;5;2
1;5;5;2;1;3;1;3;3;1;1;5;4;3;41;3;1
1;5;5;1;1;1;2;2;3;1;1;5;3;1;54;4;1
1;5;3;3;2;1;1;3;3;1;1;6;3;3;18;1;1
1;4;5;1;1;3;2;3;3;1;3;7;4;4;25;2;2
1;5;5;2;1;1;1;1;3;1;1;5;1;3;34;2;2
5;1;5;1;1;3;1;2;2;1;3;5;1;3;22;1;1
1;5;3;3;2;1;1;2;3;1;1;5;1;2;27;2;1
1;1;5;3;1;2;2;1;3;1;1;5;1;98;37;3;2
5;5;5;2;1;1;2;1;3;2;.;3;1;5;39;3;2
1;5;3;1;1;1;1;2;2;1;2;5;4;1;20;1;1
1;5;5;1;1;1;2;3;3;1;1;4;1;1;43;3;1
2;1;5;2;1;3;1;3;3;2;3;1;1;2;46;4;2
2;1;3;3;1;3;1;3;2;2;1;5;2;3;19;1;2
1;5;3;1;2;1;1;1;1;1;3;6;4;3;77;5;1
1;2;2;1;2;3;2;2;3;1;1;8;5;1;38;3;1
1;5;5;2;1;1;2;1;3;2;1;5;1;2;56;4;2
1;4;5;2;1;3;1;1;3;2;1;4;2;1;62;5;1
1;1;5;2;1;3;2;3;1;2;3;2;1;1;41;3;2
2;2;5;2;1;1;1;1;3;2;3;5;1;2;29;2;2
1;5;4;1;1;1;1;3;2;1;2;6;4;2;24;1;1
1;5;3;1;1;1;1;2;3;1;1;4;1;3;25;2;1
1;2;2;1;2;3;2;3;1;1;3;3;2;3;29;2;2
1;5;5;2;1;1;1;3;3;1;2;5;7;3;52;4;1
1;5;5;2;1;.;1;1;.;2;.;5;1;3;52;4;2
1;5;5;3;1;3;1;2;1;1;3;7;1;1;49;4;2
1;5;3;2;1;1;1;3;1;1;2;4;4;3;61;5;1
1;5;5;3;1;1;1;1;3;1;1;5;1;2;51;4;1
1;5;4;3;1;2;1;2;3;1;1;5;3;3;22;1;2
2;5;5;2;1;1;2;.;.;2;3;1;1;3;75;5;2
1;5;2;2;1;1;2;1;2;1;3;5;1;4;19;1;1
1;5;5;2;1;1;1;2;2;2;1;5;1;3;21;1;2
1;5;5;2;1;1;2;2;2;2;1;5;1;2;36;3;2
5;1;5;3;1;3;2;1;1;2;1;2;1;1;60;5;1
5;1;5;2;1;3;1;1;2;2;2;5;1;3;44;3;2
1;5;5;2;1;3;.;1;3;1;1;5;2;1;61;5;2
4;2;3;1;1;1;1;3;3;1;1;7;2;1;26;2;1
1;1;4;2;1;3;2;3;2;1;3;5;2;1;23;1;2
1;1;3;3;1;1;2;3;3;1;3;5;3;5;23;1;1
1;5;4;2;1;3;1;3;3;2;3;2;2;1;49;4;1
1;4;3;2;1;1;1;3;3;1;1;4;4;3;27;2;1
1;5;5;3;1;1;1;3;2;1;1;6;2;3;45;4;2
1;2;5;3;1;1;2;2;1;1;2;5;1;3;30;2;1
5;2;5;2;1;3;1;1;1;2;1;7;3;3;37;3;1
1;1;4;2;1;3;1;3;1;2;1;1;1;1;27;2;1
2;1;5;1;1;3;1;3;3;2;2;3;2;3;59;4;2
5;4;5;2;2;3;.;2;1;2;.;1;1;98;62;5;2
1;2;5;3;1;3;2;3;3;2;3;5;3;2;36;3;1
5;1;2;2;1;3;2;1;1;2;3;4;1;98;33;2;2
1;2;3;3;1;3;1;1;2;1;1;3;1;3;20;1;1
5;5;.;1;1;3;1;1;1;1;2;5;2;3;47;4;1
2;5;5;1;1;3;2;1;.;1;1;1;1;1;67;5;2
4;5;5;2;1;3;2;1;3;2;1;6;6;3;20;1;2
1;5;4;2;1;3;1;1;1;2;1;6;2;2;28;2;1
5;2;5;2;1;1;2;3;2;2;1;4;1;2;28;2;1
1;2;5;3;1;1;2;1;2;1;1;4;2;3;16;1;1
5;5;5;3;1;1;2;1;1;2;2;2;1;3;64;5;2
1;4;5;2;1;3;2;2;2;1;2;5;2;2;19;1;1
1;5;5;2;1;1;1;1;1;1;1;5;1;3;54;4;2
2;1;5;3;1;3;2;3;3;1;3;6;2;1;20;1;1
1;5;5;3;1;2;2;1;3;1;3;5;1;3;21;1;2
1;5;5;3;1;3;2;1;1;1;1;2;3;3;64;5;2
1;5;4;3;1;3;2;3;3;1;1;5;1;3;26;2;2
1;5;5;3;1;2;2;2;1;1;2;4;2;2;42;3;1
1;5;3;2;1;1;1;3;3;2;2;2;1;3;39;3;1
2;4;5;3;1;3;1;1;2;2;1;2;1;1;55;4;2
1;5;3;1;1;3;2;2;1;1;1;7;4;3;29;2;2
.;.;5;3;.;1;.;.;.;1;.;4;.;3;16;1;1
1;5;5;2;1;1;1;1;1;2;2;6;3;1;31;2;1
1;5;5;1;.;1;2;3;1;1;3;5;4;1;38;3;2
1;5;5;2;1;3;1;1;3;2;1;7;2;2;20;1;1
1;5;2;3;2;1;2;3;3;1;1;5;1;3;20;1;1
1;5;5;2;1;1;1;1;3;1;1;7;4;1;28;2;2
5;1;2;2;1;1;2;3;3;1;3;3;1;3;28;2;1
1;2;5;2;1;1;1;3;3;2;1;5;2;3;43;3;2
5;2;5;3;1;1;1;1;1;2;1;1;1;1;52;4;2
4;1;4;2;1;1;1;1;1;2;1;1;2;1;64;5;1
2;4;5;3;1;1;2;1;3;1;1;6;2;1;28;2;2
1;5;5;1;1;1;1;3;3;2;1;3;1;3;27;2;1
1;2;5;1;1;3;2;3;1;1;2;5;1;3;65;5;2
1;5;5;1;1;3;1;1;3;1;1;5;3;1;45;4;1
1;5;5;2;1;1;1;2;3;1;1;4;2;3;45;4;1
1;5;3;2;1;3;2;1;1;2;3;2;1;4;37;3;2
1;5;5;3;1;3;1;2;3;1;1;5;6;1;20;1;1
1;5;3;2;2;1;2;2;2;1;1;5;1;3;22;1;1
1;5;3;2;2;1;2;1;3;1;1;3;3;3;68;5;1
1;5;3;1;1;1;1;1;2;1;1;8;1;2;41;3;2
1;5;4;3;1;3;2;1;3;1;1;2;1;3;34;2;1
1;5;5;3;1;3;1;3;3;2;3;5;1;3;22;1;2
2;2;5;2;2;2;2;2;1;2;3;1;1;5;92;5;1
1;5;5;3;1;1;1;3;1;1;2;5;4;1;24;1;1
1;5;5;1;1;3;1;1;3;2;3;2;1;1;59;4;2
2;4;3;2;1;1;.;3;1;2;.;2;1;2;42;3;2
1;5;4;2;1;1;1;2;1;2;2;5;1;5;51;4;1
1;5;5;1;1;1;1;3;1;1;2;4;3;2;28;2;1
1;5;3;1;2;1;1;1;3;1;1;7;6;1;75;5;1
1;2;5;2;1;1;1;3;3;2;2;5;2;1;21;1;1
1;5;5;3;1;1;2;3;2;.;2;5;2;1;38;3;2
5;5;5;3;1;3;2;3;3;1;.;4;2;2;22;1;2
1;5;4;3;2;3;1;3;3;1;.;5;1;2;41;3;1
1;5;4;2;1;1;1;2;3;2;1;7;4;3;24;1;1
1;2;4;1;1;3;1;1;1;1;2;5;2;1;26;2;1
2;5;5;2;1;3;2;1;1;1;3;7;3;2;28;2;1
1;5;5;2;1;3;1;3;3;1;1;6;2;2;40;3;2
2;2;2;1;2;2;2;3;3;1;3;5;1;3;73;5;2
1;5;3;1;1;1;1;3;3;1;1;7;4;5;38;3;1
4;4;5;2;1;3;2;1;1;2;3;1;1;3;53;4;1
5;2;5;2;1;3;2;3;2;1;3;1;1;3;24;1;2
1;4;5;2;1;3;1;3;2;2;1;5;3;3;48;4;2
1;5;3;2;1;1;1;3;3;1;1;7;4;3;45;4;2
1;5;3;2;1;3;1;2;3;1;3;3;1;3;47;4;2
5;5;4;3;1;3;2;1;2;1;1;5;1;3;44;3;1
4;1;4;2;1;2;1;2;2;2;2;1;1;98;46;4;1
.;.;5;3;.;.;1;.;3;.;.;4;1;1;17;1;1
1;5;5;2;1;1;1;1;3;1;1;5;4;1;56;4;1
1;2;3;3;1;1;1;2;3;2;1;3;1;1;19;1;1
1;5;3;2;1;1;1;1;3;1;1;7;4;3;38;3;2
2;4;5;2;1;3;2;2;3;2;1;6;4;1;23;1;2
1;5;5;2;1;3;1;3;3;2;1;2;1;1;58;4;2
1;5;5;1;1;3;1;3;3;1;1;8;5;98;54;4;1
1;5;3;1;1;1;2;3;2;1;1;6;2;3;25;2;2
5;5;5;2;1;3;2;3;3;1;1;1;1;2;61;5;1
1;5;4;1;1;3;1;1;2;1;3;5;1;1;40;3;2
1;1;5;2;1;3;2;1;3;1;1;1;1;2;23;1;1
1;2;5;2;1;1;2;1;3;1;1;5;1;3;46;4;1
5;4;4;2;2;2;1;1;1;2;2;1;1;3;61;5;2
5;5;5;1;1;1;2;2;2;1;1;5;2;3;28;2;1
1;5;5;3;1;1;1;1;1;2;2;7;3;98;35;3;1
1;5;5;2;1;3;1;1;3;1;1;5;1;1;56;4;2
1;5;4;1;1;1;1;3;3;1;1;3;1;3;64;5;1
1;5;5;3;1;.;1;2;1;1;3;2;1;3;61;5;1
1;1;5;2;1;1;2;3;2;2;2;6;2;3;22;1;2
1;5;5;2;1;3;1;3;3;1;1;3;3;3;57;4;2
1;5;5;2;1;3;1;2;3;2;1;6;4;2;33;2;1
5;5;4;1;1;1;2;1;1;2;1;4;1;1;30;2;2
1;5;5;1;1;1;1;3;3;1;1;7;4;1;54;4;2
2;1;5;2;1;3;1;3;3;2;2;5;3;1;27;2;2
1;5;5;2;1;3;1;1;2;1;1;8;2;3;58;4;2
1;1;5;2;1;3;2;.;3;2;1;2;1;3;48;4;1
1;5;3;2;1;1;2;3;3;.;.;5;1;2;31;2;1
1;5;5;1;1;2;1;3;3;1;1;5;3;1;59;4;2
1;5;4;3;1;1;1;3;3;1;1;7;3;3;42;3;2
1;4;5;2;1;3;2;3;3;1;3;5;2;2;43;3;1
1;5;4;1;1;1;2;3;3;1;1;7;2;1;33;2;2
2;2;5;2;1;2;2;3;1;2;3;2;1;98;35;3;2
1;1;4;1;1;3;2;2;1;2;2;1;2;1;54;4;2
1;1;3;2;1;2;2;3;2;1;1;2;3;3;79;5;1
1;5;5;3;1;3;2;3;2;1;1;5;3;2;18;1;2
1;5;5;1;1;1;1;2;3;1;1;8;4;3;28;2;1
2;4;5;2;1;2;2;3;3;2;1;5;1;3;19;1;2
1;5;5;2;1;3;2;3;3;1;1;5;1;3;25;2;2
1;5;3;3;1;3;2;2;3;1;1;5;2;1;18;1;1
1;2;5;3;1;1;1;3;3;1;1;5;3;2;18;1;1
1;5;5;1;1;3;1;3;2;1;3;5;2;2;40;3;2
1;4;4;2;.;3;1;1;2;2;1;6;1;3;31;2;2
4;1;3;3;1;1;2;1;3;1;1;4;1;3;17;1;1
1;5;5;1;1;1;1;3;3;1;1;2;2;1;51;4;1
1;2;5;1;1;2;2;2;3;1;1;7;1;3;28;2;2
1;5;2;1;1;1;1;2;3;1;1;8;5;1;59;4;1
5;5;5;2;1;3;1;3;1;2;1;3;3;3;26;2;2
1;5;2;2;1;3;1;3;3;1;3;5;2;1;40;3;1
1;5;3;2;1;3;2;3;3;2;1;5;1;3;21;1;1
1;5;5;2;1;2;1;1;3;1;3;5;3;1;29;2;2
1;5;4;2;1;3;1;3;2;2;1;3;2;3;25;2;2
1;5;5;2;1;3;1;2;3;2;1;2;1;3;41;3;2
4;2;5;2;1;3;2;3;3;2;1;3;3;1;55;4;2
5;1;.;2;1;3;2;1;3;2;3;1;1;4;41;3;2
1;5;5;2;1;1;1;1;3;1;1;1;5;1;61;5;1
1;2;3;3;1;2;2;3;3;1;3;2;3;1;16;1;1
1;5;4;3;.;3;1;3;3;2;3;5;2;1;41;3;1
1;5;5;2;1;1;2;1;3;2;3;2;2;2;29;2;1
1;5;.;2;1;3;2;3;1;1;1;2;1;3;45;4;2
1;2;5;1;1;1;1;1;3;2;3;4;1;3;38;3;1
1;5;3;2;1;1;2;2;2;1;3;5;4;2;18;1;1
4;5;5;2;2;2;2;3;3;2;3;2;1;4;46;4;1
1;5;3;2;1;1;2;2;3;2;3;7;1;3;54;4;2
1;5;5;2;1;1;1;2;3;2;1;5;2;3;58;4;1
1;5;3;1;2;1;1;3;3;1;1;7;4;1;41;3;2
1;5;3;1;1;1;2;1;3;1;1;3;4;3;66;5;2
1;1;5;2;1;3;1;1;1;2;2;2;1;3;42;3;2
5;5;5;3;1;3;1;1;1;2;3;2;1;3;36;3;2
1;5;3;1;1;3;2;2;3;1;1;7;2;1;23;1;2
1;5;5;2;1;1;1;2;2;2;1;5;1;3;41;3;2
1;5;5;2;1;1;1;1;1;2;3;5;1;3;36;3;2
1;5;5;2;1;3;2;3;3;2;1;5;1;1;21;1;2
5;2;5;2;1;1;2;2;3;2;2;3;5;2;25;2;2
1;5;3;1;2;3;1;1;3;1;1;7;4;1;54;4;2
1;5;4;3;1;1;1;1;3;1;1;5;2;2;36;3;1
2;2;4;2;1;3;1;1;1;2;2;3;1;3;55;4;1
1;5;5;1;1;2;.;1;3;1;3;7;3;1;35;3;1
5;5;5;2;1;1;1;1;3;2;1;7;1;3;39;3;1
5;4;5;2;1;1;1;3;3;2;1;2;1;3;43;3;2
1;5;2;2;1;3;2;1;1;2;1;1;1;1;38;3;2
5;2;5;2;1;1;1;1;1;1;1;4;1;2;58;4;1
5;5;3;2;1;1;1;3;1;2;3;5;1;4;18;1;1
3;3;.;1;1;3;2;1;.;2;.;4;.;3;31;2;2
1;4;4;1;1;1;1;3;3;1;1;4;1;3;16;1;2
3;1;3;2;1;3;1;.;.;.;1;4;.;3;45;4;2
1;5;5;2;1;3;1;1;1;1;2;8;5;1;60;5;2
5;5;5;2;1;2;2;3;.;1;.;4;1;3;47;4;2
1;5;3;3;1;1;2;2;3;1;2;2;2;3;63;5;1
1;5;2;2;1;3;1;1;1;2;1;3;1;1;52;4;1
.;.;.;2;.;.;.;.;.;.;.;1;1;98;55;4;2
5;5;5;2;1;1;2;3;3;2;1;2;1;98;59;4;1
5;5;5;2;1;3;2;2;1;2;1;1;1;3;72;5;2
1;5;4;1;1;1;1;1;2;1;1;7;4;2;22;1;2
1;5;5;2;1;2;2;2;2;2;1;4;4;1;17;1;2
1;4;3;2;1;2;2;1;3;.;1;4;1;1;34;2;2
2;4;5;1;1;3;1;1;3;1;3;2;1;3;58;4;2
1;5;5;1;1;1;1;1;3;1;1;5;4;1;62;5;2
1;5;5;1;1;3;1;1;1;1;1;2;1;98;47;4;1
5;4;4;3;1;3;1;3;3;1;3;5;1;1;21;1;2
1;1;5;3;1;2;1;1;2;2;1;5;1;3;21;1;1
1;5;3;1;1;1;1;1;3;1;1;7;1;3;26;2;2
1;5;5;2;1;1;1;1;3;2;1;3;.;1;53;4;1
1;3;3;2;2;.;2;3;3;2;1;5;2;1;30;2;1
1;5;5;3;1;3;2;1;3;1;1;3;1;1;24;1;2
5;1;5;2;1;1;2;1;2;2;1;3;1;2;49;4;1
1;5;5;2;1;3;1;3;3;2;.;5;1;2;37;3;2
1;5;5;1;1;3;1;2;2;1;2;5;5;2;19;1;1
5;5;5;1;1;1;1;1;1;1;1;8;3;1;49;4;2
1;4;5;3;1;3;2;2;2;2;1;4;1;4;16;1;1
4;4;5;2;1;1;1;2;1;2;3;1;1;98;44;3;1
5;5;5;2;.;1;.;.;.;.;.;5;.;1;61;5;1
1;5;3;3;1;1;1;2;3;1;1;4;1;1;40;3;2
1;5;3;1;1;1;1;3;3;1;1;3;3;98;39;3;1
4;1;5;1;1;3;2;3;3;2;2;4;1;2;31;2;2
1;5;4;2;1;3;1;2;2;2;1;3;2;4;67;5;2
1;5;3;3;1;1;1;3;3;1;1;7;2;1;35;3;1
1;5;5;1;1;3;1;2;3;1;1;5;3;1;49;4;2
1;5;4;3;1;3;1;2;2;1;1;7;4;3;45;4;1
1;5;5;1;1;3;1;2;2;1;1;7;3;1;35;3;2
1;5;3;2;1;3;1;1;3;1;.;3;1;2;58;4;2
1;5;5;3;1;1;1;3;3;1;1;6;4;2;36;3;1
5;5;5;2;1;1;2;2;3;1;1;5;3;2;48;4;2
1;2;4;2;1;3;2;2;1;2;1;1;1;1;56;4;1
1;4;4;1;1;1;1;1;3;1;1;7;4;1;50;4;2
1;5;3;3;.;1;1;2;3;.;1;7;2;3;25;2;1
1;1;5;2;1;3;2;1;2;2;1;2;1;3;32;2;2
5;5;5;2;1;1;1;1;2;2;1;8;2;2;62;5;2
1;5;3;1;1;1;1;2;3;1;1;6;4;1;26;2;2
1;.;5;2;1;1;2;.;3;1;1;2;.;1;50;4;2
1;5;5;3;1;1;1;2;3;1;1;4;4;1;17;1;2
2;1;4;2;1;1;1;3;2;2;1;3;4;1;50;4;1
5;5;2;3;1;3;2;1;3;1;1;2;1;3;32;2;2
1;5;5;3;1;1;2;3;3;.;3;4;1;3;16;1;2
1;5;5;1;1;3;1;2;2;1;1;6;5;1;24;1;1
1;5;3;3;1;1;1;3;3;1;1;5;5;1;17;1;1
1;2;5;2;1;1;1;2;1;1;2;5;1;3;27;2;1
1;5;3;2;1;1;1;3;3;2;1;2;1;2;61;5;2
1;5;5;2;1;2;1;2;3;2;1;6;4;3;22;1;2
1;2;5;2;1;3;1;3;3;1;1;5;2;1;41;3;1
2;4;3;3;2;1;1;3;1;2;1;2;.;3;16;1;1
1;5;3;1;2;3;2;3;1;1;98;3;1;3;62;5;2
1;4;5;2;1;3;1;3;3;1;1;5;2;1;45;4;2
1;5;4;2;1;3;1;1;3;1;1;5;.;2;70;5;2
4;5;5;2;1;1;2;3;1;1;3;5;3;98;49;4;1
4;5;3;2;.;3;1;1;1;.;.;5;.;3;24;1;1
2;2;5;3;1;2;1;2;3;2;3;4;.;3;17;1;2
1;5;5;1;.;3;1;3;3;1;1;5;2;3;32;2;2
1;5;3;1;1;1;1;1;3;1;3;5;4;1;51;4;1
1;5;3;2;2;3;1;3;3;2;1;7;4;1;45;4;2
1;5;4;2;1;1;1;3;3;2;2;4;2;3;30;2;1
5;1;5;2;1;3;2;1;3;2;2;2;1;2;31;2;1
1;5;5;2;1;3;1;3;3;1;1;8;4;3;52;4;2
5;5;2;2;1;1;1;1;.;2;1;2;1;1;50;4;2
1;5;5;3;1;3;1;3;3;1;1;4;3;3;18;1;1
1;5;5;2;1;2;2;1;1;1;1;5;4;1;39;3;2
5;1;3;3;1;3;2;1;1;1;1;3;1;98;85;5;1
4;2;5;2;1;1;.;2;.;2;.;3;1;98;27;2;1
1;1;5;2;1;1;1;1;3;1;3;1;1;3;46;4;1
1;5;5;2;1;1;2;3;3;1;3;2;1;2;39;3;2
1;4;3;2;1;1;2;3;3;1;1;1;1;3;30;2;2
1;5;5;3;1;1;1;3;3;1;3;4;2;4;17;1;1
4;1;5;2;1;3;1;2;3;2;1;5;1;3;42;3;1
5;5;5;2;1;1;2;3;1;2;3;2;2;2;69;5;2
1;1;5;3;1;1;1;3;3;2;3;2;1;5;63;5;2
1;5;5;2;2;1;2;1;1;2;1;2;1;2;31;2;1
1;5;5;1;1;1;1;1;2;1;1;5;1;1;54;4;1
1;5;3;1;1;1;1;2;2;1;1;7;5;3;44;3;1
5;5;5;2;2;.;.;2;3;.;1;2;1;1;69;5;2
1;1;5;2;1;1;1;2;3;2;1;5;3;1;60;5;2
1;5;3;1;1;1;2;3;3;2;1;2;1;3;50;4;1
1;5;2;3;1;1;2;3;2;1;2;4;1;2;23;1;1
1;5;5;3;1;3;1;3;3;1;1;7;2;2;38;3;2
1;5;5;2;1;3;1;3;3;1;1;5;1;98;56;4;1
1;4;5;1;1;1;2;1;1;2;1;2;1;3;20;1;2
1;1;3;1;1;3;1;3;1;1;.;5;1;2;47;4;2
1;5;3;2;1;3;1;1;1;1;2;4;.;1;44;3;1
1;5;5;1;1;3;1;1;1;1;2;5;.;3;59;4;1
1;5;3;3;1;1;2;2;2;1;2;4;1;3;16;1;2
1;2;5;2;1;1;1;2;3;.;1;1;1;3;42;3;1
1;.;5;3;1;3;.;1;1;1;2;2;1;3;36;3;2
5;5;3;3;1;1;2;2;2;2;3;4;1;1;18;1;1
1;5;3;3;.;1;.;2;2;1;.;1;1;3;45;4;2
1;5;5;1;1;3;2;3;3;1;1;2;1;3;23;1;1
1;5;5;2;1;1;1;1;1;2;1;5;2;3;22;1;2
1;5;3;3;1;.;1;.;2;1;.;1;2;3;49;4;1
1;5;4;3;1;1;1;3;3;1;2;4;1;3;34;2;2
1;3;4;3;1;1;1;3;1;1;1;1;1;1;49;4;2
1;1;5;2;1;3;1;1;3;1;1;5;1;3;34;2;1
.;3;4;3;1;.;.;3;.;.;.;2;1;98;68;5;1
1;4;5;3;1;2;1;2;2;2;3;4;3;5;25;2;1
1;.;5;1;1;1;1;2;.;2;1;2;2;1;56;4;1
1;1;5;3;1;3;1;3;2;2;1;6;2;2;45;4;2
2;4;3;3;1;.;1;3;3;1;3;2;1;3;60;5;2
5;4;5;1;1;3;1;3;3;1;2;6;1;3;31;2;2
1;5;3;2;1;1;2;2;2;1;3;4;4;3;25;2;2
1;5;5;2;1;3;1;3;3;2;1;8;4;2;33;2;1
1;5;4;1;1;3;.;3;1;1;1;2;3;98;79;5;2
1;5;5;2;1;1;1;3;3;1;1;5;1;2;49;4;1
5;5;4;2;1;1;1;2;2;2;2;1;1;1;66;5;2
5;5;5;2;1;.;1;2;1;2;3;1;.;3;65;5;2
1;5;5;2;1;1;1;1;3;.;1;2;1;3;38;3;1
1;5;5;1;1;3;2;1;3;1;3;5;2;3;32;2;2
1;5;5;3;1;3;2;3;1;1;2;2;1;1;34;2;2
5;5;5;2;.;3;.;1;2;.;1;1;1;1;73;5;1
1;5;3;1;2;1;1;2;1;1;1;4;.;3;25;2;1
1;5;3;3;1;1;1;1;1;1;2;3;1;3;59;4;1
1;5;5;2;1;3;1;1;3;1;1;5;4;3;35;3;1
1;5;3;2;1;1;1;1;1;1;1;2;.;3;22;1;1
2;1;5;2;1;3;2;1;3;2;1;1;1;4;57;4;2
1;1;3;2;1;3;1;3;3;2;1;2;2;1;71;5;2
1;5;5;2;1;3;1;3;3;1;2;1;1;1;70;5;1
1;5;5;1;1;1;1;3;3;1;1;6;3;3;25;2;2
5;1;5;2;1;3;1;3;3;2;1;5;1;2;25;2;2
1;1;3;1;2;3;2;1;1;2;1;3;1;3;60;5;2
1;5;5;1;1;1;1;2;3;1;1;7;2;3;41;3;2
1;5;5;3;1;3;2;2;2;1;1;6;3;1;18;1;2
1;5;3;3;1;3;1;3;2;1;1;5;2;1;31;2;1
1;5;1;3;1;3;2;2;2;2;2;2;2;3;42;3;1
1;5;3;3;1;3;1;1;2;.;1;7;2;1;22;1;2
1;5;3;1;1;1;1;1;3;.;2;8;5;1;49;4;2
1;5;3;1;2;2;1;1;1;1;2;2;1;3;62;5;1
2;4;2;1;2;1;2;1;1;1;2;2;3;1;67;5;2
1;5;5;1;1;1;1;3;1;1;3;5;3;1;46;4;2
1;5;5;2;1;3;1;3;3;1;1;5;1;3;51;4;2
1;1;2;2;1;1;1;3;3;1;2;5;1;3;32;2;2
5;5;5;2;1;3;1;1;2;2;2;5;1;3;51;4;2
1;5;5;3;1;1;2;2;3;2;1;5;1;1;49;4;2
1;4;5;3;1;1;2;1;2;1;1;4;1;2;19;1;1
1;5;5;2;1;3;2;1;1;1;1;7;3;3;61;5;2
1;1;3;1;1;3;2;1;2;1;3;2;1;1;60;5;2
1;5;5;3;1;1;1;3;3;1;1;5;4;1;28;2;2
1;5;3;1;1;1;1;2;2;1;1;6;3;3;26;2;1
1;1;5;2;1;1;2;1;2;2;2;1;1;3;82;5;1
1;5;4;2;1;2;1;1;3;2;1;5;1;2;23;1;2
1;5;5;3;1;3;2;1;1;1;2;3;2;1;38;3;2
1;5;3;2;1;3;1;3;3;2;1;2;1;1;66;5;1
1;5;2;2;1;1;1;1;1;2;1;2;3;1;52;4;1
1;5;5;2;1;1;1;3;3;2;2;3;2;1;34;2;1
1;5;3;2;1;1;1;1;1;2;1;2;2;1;53;4;2
1;5;5;3;1;1;1;1;3;1;1;8;2;3;45;4;1
1;5;2;1;1;3;2;2;3;1;1;6;3;3;31;2;1
1;5;5;1;1;3;1;2;3;1;1;6;3;5;51;4;1
2;4;3;2;1;3;2;3;3;1;2;1;1;4;62;5;2
1;2;5;2;1;3;1;3;3;2;1;5;1;2;24;1;2
1;4;4;2;1;3;1;1;2;2;1;5;1;3;29;2;1
1;5;5;1;1;3;1;3;3;1;3;5;3;98;23;1;2
1;1;5;1;1;3;1;2;3;1;2;7;4;1;35;3;2
1;5;5;1;1;3;2;1;3;2;1;2;1;4;63;5;2
1;5;3;3;1;2;2;2;2;1;.;2;1;3;34;2;2
1;1;5;2;1;2;1;3;.;.;3;5;2;3;54;4;2
1;5;3;1;1;1;1;3;3;1;1;5;2;3;27;2;1
1;2;4;1;1;1;2;1;3;1;1;7;3;1;24;1;1
1;5;4;3;1;3;1;1;1;1;3;5;2;3;45;4;1
1;1;5;2;1;2;1;3;3;2;3;1;1;98;45;4;1
5;5;3;2;1;3;2;3;2;2;.;4;3;1;67;5;2
1;1;3;2;1;3;1;1;1;2;2;5;1;3;32;2;1
1;5;5;1;1;1;1;1;3;1;2;7;6;3;44;3;1
1;5;5;3;1;1;1;1;2;1;2;6;3;3;22;1;1
1;5;4;2;1;1;1;2;3;1;1;2;2;1;69;5;1
2;2;5;2;1;.;1;2;2;2;3;3;1;3;60;5;2
1;5;5;2;1;3;1;2;3;2;1;5;5;2;57;4;1
2;4;5;2;1;2;2;1;1;2;3;2;1;1;39;3;2
1;5;5;3;1;3;2;3;3;1;1;5;3;1;65;5;1
1;5;4;2;1;3;1;.;2;1;1;3;3;1;60;5;2
1;5;4;2;1;1;2;3;3;.;1;3;1;3;45;4;1
1;5;4;3;1;3;1;2;2;2;1;5;3;3;51;4;2
1;5;2;3;2;1;1;1;1;2;2;5;3;3;35;3;1
1;1;2;3;2;1;.;1;3;2;1;4;2;2;59;4;1
1;5;5;2;1;1;2;3;3;2;2;2;1;1;58;4;2
1;5;3;3;1;1;1;1;3;1;2;5;2;3;62;5;1
1;1;3;2;2;3;1;2;3;1;1;4;1;1;53;4;1
1;1;1;1;2;3;2;3;3;1;1;2;1;1;23;1;1
1;4;5;2;1;1;1;2;2;2;1;2;2;1;26;2;1
1;4;3;2;2;2;1;.;1;2;1;1;1;3;65;5;2
1;2;5;2;1;1;1;1;1;2;2;2;1;1;64;5;2
1;5;5;3;1;3;1;2;2;2;1;5;3;3;19;1;2
1;1;5;3;1;2;1;2;1;1;3;4;2;1;17;1;2
1;5;3;1;2;1;1;3;2;1;2;6;4;1;45;4;1
4;2;2;2;2;1;2;1;1;2;2;3;1;3;53;4;2
2;5;5;2;1;1;1;2;1;2;2;1;1;5;50;4;1
1;1;2;1;1;1;1;3;3;1;1;6;3;1;26;2;1
.;1;5;2;1;3;2;3;3;2;.;5;1;3;25;2;2
5;5;5;2;1;2;2;.;.;.;.;2;1;3;46;4;2
1;5;5;3;1;3;1;1;3;1;3;2;1;3;56;4;2
1;5;5;3;1;3;2;1;3;1;3;3;2;2;43;3;2
1;5;5;3;1;1;1;2;2;1;1;5;4;1;19;1;2
1;5;4;1;1;1;2;2;2;2;2;4;2;4;28;2;1
1;5;3;2;2;1;.;2;1;1;2;5;3;1;46;4;2
1;5;3;2;1;1;1;3;3;2;1;5;3;2;66;5;1
2;5;5;2;1;3;1;1;1;2;1;6;1;2;26;2;2
1;5;3;1;1;3;1;3;3;1;1;7;6;1;37;3;2
1;5;5;2;1;3;2;3;3;2;2;7;3;2;27;2;2
1;5;3;1;1;3;1;1;3;1;1;8;4;1;67;5;2
1;5;5;2;1;1;1;3;3;1;1;2;2;1;40;3;1
1;5;3;2;2;1;1;1;.;.;1;1;1;4;53;4;2
1;5;3;1;1;1;2;2;2;1;1;5;2;2;27;2;1
1;5;3;1;1;1;2;2;1;1;1;5;3;3;41;3;1
1;5;4;1;1;3;1;3;.;1;1;5;.;1;30;2;1
1;1;4;2;1;3;2;3;2;2;2;6;4;1;42;3;2
2;2;4;2;1;3;2;2;2;2;1;5;1;3;59;4;2
1;5;3;1;2;1;1;2;2;1;1;6;4;1;67;5;1
5;4;3;2;1;3;2;3;3;1;1;3;1;3;58;4;2
1;2;4;3;1;1;2;1;1;1;1;4;2;3;17;1;2
5;2;5;2;1;1;1;2;3;2;1;5;2;5;25;2;2
1;4;2;2;1;1;1;2;1;1;1;7;4;1;29;2;2
1;5;5;2;1;2;1;3;3;2;1;3;2;2;51;4;2
1;5;3;1;1;1;2;3;3;1;3;5;1;3;31;2;1
1;5;5;2;1;.;1;1;3;1;1;5;2;2;34;2;2
1;5;5;2;1;1;2;3;1;1;2;5;2;2;36;3;2
1;2;3;2;1;1;1;1;3;2;1;5;2;1;60;5;1
2;1;5;1;1;1;2;3;3;2;1;5;3;1;30;2;1
1;5;4;2;1;.;1;2;2;1;1;2;.;3;27;2;2
5;5;5;2;1;1;1;1;3;2;1;6;4;3;42;3;1
1;5;5;1;1;3;1;1;1;1;3;1;3;2;57;4;1
5;5;2;2;2;1;2;1;1;1;2;1;1;1;68;5;2
.;4;5;2;1;3;2;3;3;2;2;5;1;1;47;4;2
1;4;5;1;1;3;1;3;3;1;1;5;2;2;26;2;2
4;2;2;1;2;3;1;1;2;2;3;3;1;3;46;4;2
1;5;5;2;1;1;1;1;3;1;1;5;3;3;64;5;2
5;5;5;2;1;3;1;3;.;1;2;5;.;3;29;2;2
2;4;5;3;1;1;2;2;2;2;3;2;2;1;66;5;2
2;2;5;1;1;3;1;3;3;1;1;5;3;1;23;1;2
1;2;3;2;1;3;1;3;2;2;3;4;2;3;18;1;1
1;5;5;2;1;3;2;3;3;1;1;4;1;3;56;4;1
.;.;.;2;2;2;.;.;.;.;.;1;1;1;48;4;2
1;5;5;2;1;2;1;3;3;1;3;4;2;2;25;2;2
1;4;5;3;1;1;1;3;3;1;3;2;1;98;34;2;2
1;5;2;2;1;.;1;3;1;2;.;1;1;3;37;3;1
1;5;5;2;1;1;1;2;3;2;2;3;1;1;65;5;2
5;1;5;2;1;3;1;3;2;1;2;5;2;1;34;2;2
1;5;5;2;1;2;1;.;.;2;2;5;1;3;49;4;2
1;5;5;1;1;1;2;1;3;1;1;4;2;1;60;5;2
1;2;5;1;1;2;1;1;3;1;2;4;2;2;56;4;1
5;1;3;1;2;1;2;1;1;1;2;2;1;2;76;5;1
1;2;4;1;1;1;2;3;3;1;3;2;1;4;23;1;2
1;5;4;2;1;1;1;3;3;1;.;5;1;3;27;2;1
2;2;5;1;1;1;1;3;3;1;1;5;2;1;63;5;1
4;5;5;2;1;1;2;1;3;2;1;7;4;3;26;2;1
1;5;3;1;1;1;1;3;3;1;1;8;4;1;28;2;1
1;5;4;2;1;2;1;3;3;2;3;1;1;3;51;4;2
1;5;5;2;1;1;1;1;2;1;1;7;3;1;43;3;1
1;2;5;3;1;3;2;3;1;1;1;4;1;1;45;4;1
1;1;5;3;1;2;1;3;1;1;1;6;2;3;39;3;1
4;1;5;2;1;3;2;3;1;1;1;7;4;3;24;1;2
1;5;3;1;1;1;1;2;3;1;1;5;4;3;24;1;1
5;5;5;2;1;3;2;3;3;2;3;1;.;2;33;2;2
1;5;5;3;1;3;2;1;3;1;1;5;2;3;19;1;2
1;5;5;3;1;3;1;2;3;1;2;4;1;2;39;3;1
1;5;4;1;1;1;1;1;3;2;1;3;.;3;39;3;2
1;5;5;1;1;1;1;1;2;1;3;5;1;3;26;2;1
1;5;2;1;1;3;1;3;3;1;1;7;1;2;34;2;2
2;1;4;1;1;1;1;3;2;1;3;2;.;2;43;3;1
1;5;5;2;1;3;1;1;1;2;2;1;3;1;72;5;1
1;5;3;3;1;3;1;1;3;1;1;5;2;1;64;5;2
1;5;4;3;1;1;1;1;1;2;1;4;2;3;16;1;2
1;5;3;1;1;1;1;3;2;1;1;5;1;1;36;3;1
1;5;4;1;1;1;1;2;2;1;1;7;4;1;54;4;1
5;5;2;2;2;1;1;1;1;1;1;5;3;1;32;2;2
1;5;3;3;1;3;1;2;3;1;1;2;1;1;16;1;2
1;5;5;2;1;1;1;1;1;2;2;3;4;1;47;4;1
1;5;5;3;1;1;2;2;2;.;1;4;3;1;17;1;2
1;5;5;1;1;3;1;3;3;2;3;8;1;1;48;4;1
1;.;.;2;.;3;1;.;1;2;.;2;2;2;59;4;2
1;5;3;1;1;1;1;2;3;1;1;5;1;1;52;4;2
1;5;5;3;1;1;1;3;3;1;1;3;2;1;54;4;1
4;4;5;1;1;3;1;3;2;1;2;7;3;3;30;2;1
1;5;2;3;2;1;1;3;3;2;1;8;1;1;42;3;2
1;5;5;3;1;3;1;3;1;1;3;8;4;2;59;4;2
1;5;5;2;1;3;1;1;3;1;1;8;2;1;37;3;2
5;5;5;2;1;2;2;3;1;2;1;2;1;2;63;5;2
1;5;4;3;1;1;1;2;1;1;2;3;.;3;55;4;1
1;4;5;2;1;3;2;3;3;2;1;7;3;1;44;3;2
1;5;5;3;1;3;1;2;3;1;1;5;1;2;22;1;2
1;2;5;3;1;3;1;1;3;1;1;4;2;3;17;1;2
2;2;5;2;1;1;2;3;1;2;3;1;1;98;72;5;2
1;5;5;1;1;1;1;2;3;2;1;5;2;2;31;2;1
1;5;3;2;1;1;2;3;3;1;1;5;2;1;62;5;2
1;5;5;3;1;1;2;1;3;1;1;5;2;3;25;2;2
1;5;3;2;1;1;1;1;3;.;1;1;4;3;68;5;1
5;2;5;2;1;2;1;2;3;2;2;1;1;2;53;4;1
1;5;5;2;1;3;1;3;3;2;1;5;1;1;43;3;2
1;1;3;2;1;3;1;3;2;1;2;3;1;98;44;3;1
1;5;5;3;1;3;1;3;3;1;1;4;2;3;16;1;2
1;5;5;1;1;1;1;2;1;1;2;7;4;4;46;4;2
5;1;5;2;1;3;2;3;3;2;3;2;.;1;34;2;1
1;5;5;3;1;1;1;3;3;1;2;8;4;2;36;3;1
1;.;3;3;1;3;2;1;.;2;3;3;.;1;25;2;2
.;.;.;3;.;.;.;.;.;.;.;1;1;1;65;5;2
1;5;3;3;1;1;1;1;1;1;1;5;3;3;47;4;1
1;1;5;2;1;1;1;2;1;2;2;3;.;1;48;4;1
4;3;5;2;1;3;1;1;1;2;3;5;1;3;32;2;2
1;5;3;1;1;1;2;3;3;1;1;5;3;1;36;3;2
1;5;3;1;1;1;2;2;2;1;1;5;4;3;20;1;1
3;3;5;2;2;2;1;2;2;2;2;5;2;3;27;2;1
1;5;5;3;1;2;1;3;3;1;1;5;1;3;21;1;1
1;5;5;1;1;1;1;2;3;1;1;2;.;3;28;2;1
5;5;5;2;1;3;1;1;1;2;1;2;1;3;38;3;1
1;5;5;1;1;1;1;1;3;1;1;5;2;1;29;2;2
5;5;3;1;2;1;2;1;3;1;1;2;3;2;63;5;1
1;5;5;2;1;3;1;2;3;1;1;7;3;1;32;2;2
1;5;4;2;1;1;1;2;1;2;3;5;4;3;40;3;2
1;5;3;3;1;1;1;3;3;1;.;5;2;2;58;4;2
1;5;5;2;1;1;1;1;1;2;2;3;3;3;47;4;1
1;2;5;2;1;3;1;3;3;2;1;6;2;2;27;2;2
1;5;5;2;1;1;2;3;3;2;1;2;2;1;23;1;2
2;5;2;3;.;2;1;2;1;1;2;2;1;2;17;1;2
1;5;5;2;1;3;2;1;1;2;2;1;1;1;54;4;1
2;1;5;2;1;1;1;1;2;1;3;1;1;3;38;3;2
5;5;5;2;1;1;1;1;1;2;1;1;1;3;55;4;2
5;5;2;2;1;1;2;3;1;2;2;1;.;2;18;1;1
1;5;5;3;1;1;2;3;2;2;1;7;3;3;30;2;1
1;5;5;2;1;1;2;3;2;1;1;5;4;1;45;4;2
1;4;4;3;1;1;1;1;2;1;2;5;1;3;25;2;1
1;5;5;2;1;2;1;2;1;1;1;5;4;2;64;5;1
1;1;5;2;1;1;1;1;1;1;2;5;2;2;26;2;2
1;5;5;2;2;1;1;3;1;1;2;5;2;3;37;3;2
1;5;5;2;1;3;2;1;1;1;2;5;3;2;35;3;1
1;5;5;3;1;3;1;3;2;1;1;5;1;3;25;2;2
1;5;3;2;1;1;1;2;3;1;1;7;1;2;39;3;2
5;2;5;2;1;2;1;1;3;1;3;5;4;1;28;2;2
1;2;5;3;1;1;1;2;1;1;1;6;2;3;36;3;2
5;1;5;2;1;3;2;2;1;2;3;2;1;5;40;3;1
1;5;2;1;2;1;1;3;3;1;1;3;3;1;60;5;1
1;.;5;2;2;3;.;1;1;2;3;1;1;3;68;5;2
1;5;5;3;1;3;1;3;1;1;1;2;1;2;22;1;1
5;4;3;1;1;3;1;3;.;1;1;4;1;3;34;2;1
1;5;3;2;2;1;1;3;3;1;3;8;3;3;39;3;1
1;5;5;1;1;1;1;3;1;1;1;5;1;2;30;2;1
1;1;5;2;1;2;1;3;3;2;3;8;4;1;52;4;1
1;5;4;3;1;1;2;2;2;1;3;4;2;1;17;1;2
1;5;4;1;1;1;2;3;1;1;.;5;2;1;42;3;2
1;5;3;1;2;1;1;3;1;1;1;5;2;1;63;5;2
1;5;3;1;2;2;2;3;3;1;3;1;1;3;58;4;2
5;1;5;2;1;3;2;3;3;2;1;5;2;1;28;2;2
1;5;3;3;1;1;1;3;3;1;1;5;1;3;19;1;2
1;5;5;1;1;3;1;2;1;1;2;5;3;1;29;2;2
1;5;5;1;1;.;1;1;2;1;1;2;1;1;60;5;2
1;5;5;2;1;1;1;2;2;.;3;4;1;3;50;4;1
1;5;3;1;2;3;1;2;3;1;1;5;4;1;32;2;1
1;5;5;3;1;3;1;2;3;1;1;6;1;3;62;5;2
1;5;3;1;1;2;2;1;2;1;1;3;1;3;27;2;2
1;5;4;1;1;1;2;2;3;1;3;2;3;4;77;5;1
1;5;5;3;1;3;2;1;1;1;3;5;2;3;28;2;2
2;4;4;3;1;1;1;3;3;.;1;5;.;98;20;1;2
5;2;4;2;1;3;1;1;1;1;1;5;3;3;19;1;1
1;2;4;2;1;3;1;1;3;2;1;5;1;1;52;4;2
4;4;4;2;1;1;2;3;3;2;.;5;.;3;25;2;2
1;1;5;2;1;1;1;3;3;1;.;5;1;3;29;2;1
5;2;5;1;1;3;1;3;3;2;2;5;2;98;55;4;1
1;5;5;2;1;3;2;3;1;1;2;4;1;3;38;3;2
2;2;5;2;1;3;2;1;1;1;2;5;2;1;63;5;2
5;5;5;2;1;3;1;1;3;2;1;5;.;3;20;1;2
1;5;5;2;1;1;1;2;3;2;1;5;1;3;23;1;2
1;5;5;1;1;1;1;1;1;2;1;5;3;3;65;5;1
1;5;5;3;1;3;1;1;3;2;3;6;1;1;27;2;2
1;5;5;1;1;3;1;3;3;1;1;5;2;1;52;4;2
1;5;5;2;1;1;1;3;3;2;1;5;1;1;63;5;2
1;5;4;1;2;1;1;2;1;1;1;8;4;1;31;2;1
1;1;5;2;1;1;1;3;1;2;3;2;.;3;30;2;1
1;5;5;1;1;3;2;2;2;1;1;4;.;2;23;1;2
1;2;5;3;1;2;1;1;3;1;1;2;.;2;36;3;1
2;2;4;2;1;3;2;3;3;.;.;3;1;1;29;2;2
1;5;4;2;1;2;1;3;3;1;3;5;3;1;43;3;1
1;5;5;2;1;1;1;1;2;1;1;2;1;3;45;4;2
2;1;4;2;1;1;1;1;.;.;1;3;1;98;72;5;1
1;5;5;1;1;3;1;2;.;1;1;5;4;3;52;4;2
1;5;5;3;1;1;1;3;3;1;2;4;3;2;17;1;1
4;2;2;2;1;1;2;1;1;2;1;3;1;3;29;2;1
1;5;5;2;1;3;1;3;3;2;1;5;2;3;19;1;2
2;1;5;3;1;2;1;2;3;1;3;4;1;3;18;1;2
1;5;5;3;1;1;1;2;2;1;1;5;.;1;49;4;2
1;5;4;3;1;1;1;3;3;1;1;4;1;3;20;1;2
1;4;3;3;1;1;2;2;2;2;2;3;.;1;19;1;2
5;5;3;2;2;3;2;2;1;2;2;1;1;2;46;4;2
1;1;5;2;1;3;2;3;3;2;3;2;1;4;46;4;2
.;.;3;3;1;3;2;.;2;.;3;1;1;2;37;3;2
1;2;5;3;1;1;2;2;3;2;3;5;1;3;20;1;1
4;2;5;2;1;3;2;3;1;1;1;2;3;3;27;2;2
1;1;5;1;1;3;2;1;2;2;1;1;1;1;42;3;2
1;5;2;1;2;1;1;1;3;1;1;2;2;1;57;4;1
1;5;5;2;1;3;1;3;3;1;3;2;1;1;27;2;1
1;5;5;3;1;1;1;3;3;1;1;5;2;2;44;3;1
1;5;3;2;1;1;1;1;1;2;1;1;1;1;64;5;1
1;5;5;2;1;3;1;1;2;.;1;2;2;1;28;2;1
4;1;4;2;1;3;2;3;3;2;1;7;1;2;23;1;2
2;1;3;2;1;3;2;1;1;1;3;2;1;5;62;5;1
2;5;5;3;1;.;1;3;3;1;1;5;1;1;19;1;1
1;5;5;3;1;1;1;3;3;1;1;6;4;3;43;3;1
1;5;5;2;1;1;1;1;3;2;1;6;3;3;47;4;1
1;5;4;1;1;1;1;2;2;1;1;5;4;1;59;4;2
1;5;5;3;1;1;1;1;3;1;1;5;4;4;41;3;2
1;2;5;2;1;1;1;3;1;2;3;5;3;1;24;1;1
1;5;5;2;1;3;2;3;3;1;1;7;5;3;49;4;2
4;1;5;1;1;2;1;1;2;1;1;2;3;2;33;2;2
4;1;5;2;1;1;2;1;1;2;1;2;1;2;34;2;1
2;1;5;3;1;3;1;3;3;2;1;6;5;5;24;1;2
1;5;5;2;1;3;1;2;3;2;2;2;3;2;37;3;1
1;1;5;2;1;1;1;.;1;2;1;5;1;5;22;1;2
5;5;5;2;.;.;1;1;.;1;98;2;5;98;50;4;1
5;5;5;2;1;2;.;.;3;1;.;1;1;1;40;3;2
1;4;4;2;1;3;1;2;2;2;3;2;1;3;21;1;1
1;5;4;2;1;2;1;2;3;2;3;1;.;98;45;4;2
5;5;5;2;1;2;1;3;3;2;3;5;1;2;25;2;1
1;5;4;2;1;1;1;1;3;2;1;5;2;3;52;4;1
1;5;5;2;1;1;1;3;3;1;1;6;3;3;42;3;2
1;5;3;1;1;1;2;2;3;1;2;5;1;1;23;1;1
1;5;5;3;1;3;1;2;2;2;1;5;1;1;16;1;2
1;2;5;2;1;3;1;3;3;1;2;7;3;1;55;4;2
1;5;5;2;1;3;1;2;3;2;1;5;1;98;31;2;1
1;5;5;2;1;1;1;3;2;1;1;4;1;1;33;2;2
1;2;3;2;1;1;2;3;2;1;1;5;1;1;22;1;2
1;5;4;2;1;1;1;3;2;1;1;5;3;1;63;5;1
1;5;4;3;1;1;1;3;3;1;.;6;2;98;35;3;2
1;1;5;1;1;3;1;2;3;1;2;5;3;3;38;3;1
5;5;5;2;1;2;1;3;3;1;3;2;2;3;63;5;2
1;5;5;2;1;2;2;1;3;2;1;6;1;1;58;4;2
1;5;2;1;2;1;1;1;1;1;2;5;2;3;47;4;1
1;5;3;1;1;3;1;3;3;2;1;4;1;3;32;2;2
1;1;5;2;1;1;2;3;1;2;1;2;1;2;27;2;2
1;5;5;2;1;2;1;2;2;2;1;3;1;3;21;1;2
1;1;5;2;1;1;1;1;3;2;.;1;1;3;54;4;2
1;1;5;2;1;3;.;1;1;2;1;1;1;3;59;4;1
5;1;5;2;1;1;1;3;3;2;1;2;1;3;30;2;1
5;5;3;3;1;1;1;1;3;2;3;4;1;3;16;1;1
1;5;1;2;1;1;2;1;3;1;1;4;1;3;20;1;1
1;1;5;2;1;1;1;1;3;2;1;5;3;3;45;4;2
1;5;5;2;1;1;1;1;2;2;1;5;1;3;26;2;2
1;2;5;2;1;.;2;2;2;.;2;8;1;1;50;4;2
1;5;5;2;1;1;2;2;3;1;1;6;3;1;26;2;2
4;2;3;1;2;3;2;3;3;1;3;5;1;3;42;3;2
1;5;5;3;1;1;1;3;3;1;1;2;1;3;16;1;2
5;4;5;3;1;2;1;3;3;1;1;7;5;3;32;2;2
4;4;5;2;1;2;1;1;3;2;3;2;1;1;21;1;2
2;1;5;2;1;3;2;2;2;2;1;5;1;3;42;3;2
1;5;5;2;1;3;1;3;3;1;1;5;1;2;28;2;2
1;4;5;2;1;1;1;1;2;2;2;4;2;3;61;5;1
1;5;2;2;1;3;2;1;3;2;1;5;3;2;60;5;2
1;5;3;1;.;.;1;2;1;.;1;6;.;2;77;5;2
1;5;5;3;1;3;2;2;1;.;.;4;1;3;18;1;2
1;1;4;2;1;1;1;1;3;2;1;5;1;2;27;2;1
1;4;5;1;1;1;1;3;3;2;1;2;1;3;75;5;1
2;1;5;2;1;3;2;.;3;2;2;3;1;1;72;5;2
2;2;5;2;1;1;1;3;3;2;1;3;2;3;37;3;1
1;5;5;1;1;3;1;2;2;2;1;7;2;3;28;2;2
1;5;4;2;1;3;1;2;2;2;1;7;2;3;36;3;2
2;5;5;3;1;1;2;2;2;1;2;5;1;4;24;1;1
1;5;4;3;1;2;1;2;3;2;1;5;4;3;31;2;2
4;.;.;2;1;.;.;.;.;2;.;2;1;3;72;5;2
1;5;4;2;1;3;1;1;3;1;2;3;2;2;37;3;2
1;5;3;1;1;1;1;3;3;1;1;8;6;1;52;4;2
1;2;4;3;1;1;2;2;3;1;3;5;5;3;18;1;1
1;5;5;3;1;3;2;2;1;1;2;5;3;3;27;2;1
1;1;1;2;1;3;2;1;1;2;2;2;1;98;56;4;2
5;1;5;2;1;1;2;1;3;2;1;2;1;3;68;5;1
1;2;4;2;1;1;1;1;1;2;1;4;5;3;31;2;1
2;2;4;2;1;3;1;3;3;2;3;3;1;1;32;2;2
1;5;5;3;1;1;1;3;1;.;1;5;3;1;72;5;2
1;5;4;2;1;1;2;3;3;2;1;7;2;3;35;3;1
2;5;5;2;1;3;1;1;3;2;1;1;1;3;65;5;1
5;2;5;2;1;1;1;3;3;2;1;3;1;2;38;3;1
2;2;5;1;1;1;2;2;2;1;1;5;1;1;18;1;1
5;5;.;2;.;.;2;1;3;2;1;3;.;5;63;5;2
1;5;5;2;1;1;1;1;3;1;3;5;5;98;33;2;2
1;5;5;2;1;1;1;1;2;1;2;8;4;1;42;3;2
1;5;5;2;1;1;1;1;3;2;2;1;1;1;64;5;1
1;5;5;3;1;3;2;3;3;2;1;2;2;1;32;2;1
1;5;5;3;1;3;2;2;3;1;1;6;1;1;22;1;2
1;4;5;2;1;1;2;3;3;1;2;4;3;3;43;3;1
1;5;3;2;1;1;1;2;3;1;2;5;2;2;27;2;1
5;1;5;2;1;3;2;3;3;2;98;5;1;3;25;2;2
1;5;5;1;1;3;1;1;3;1;1;2;2;1;42;3;2
1;5;5;1;1;2;2;2;3;1;1;3;2;2;63;5;1
4;5;5;2;1;1;1;3;1;1;1;6;2;1;38;3;2
1;2;5;2;1;2;1;1;1;1;1;5;2;1;35;3;1
1;2;4;2;1;1;1;3;1;1;3;5;1;2;34;2;2
1;4;5;2;1;2;2;3;3;2;1;7;4;1;54;4;1
1;5;5;2;1;3;1;2;3;2;1;2;1;2;61;5;2
1;5;5;1;1;3;1;2;3;1;1;5;2;1;28;2;2
1;5;5;1;1;1;1;1;3;1;1;3;3;3;40;3;1
5;2;5;2;1;3;1;1;1;1;3;2;1;3;44;3;1
1;5;3;3;1;3;1;2;3;2;1;3;1;3;37;3;2
.;4;.;3;.;1;1;1;1;2;.;5;1;3;40;3;2
1;5;5;2;1;1;2;3;3;1;1;8;3;3;43;3;1
5;4;3;1;1;1;1;2;3;1;1;5;1;3;26;2;2
4;.;5;2;1;.;1;2;3;2;3;8;6;3;54;4;2
1;2;4;3;1;3;1;3;2;2;1;4;.;2;16;1;2
1;5;5;2;1;2;1;3;1;2;3;5;1;1;51;4;2
1;5;4;3;1;1;1;3;1;1;.;7;1;3;37;3;1
1;1;5;2;1;3;1;1;3;1;3;5;1;3;33;2;2
1;5;4;3;1;2;2;1;3;1;1;6;3;1;20;1;2
1;5;5;1;1;3;1;1;1;1;1;5;2;3;39;3;1
1;5;3;3;2;1;2;3;3;1;1;5;1;2;19;1;1
4;4;5;2;1;3;1;3;3;2;1;2;1;2;76;5;2
3;1;5;3;1;1;1;2;3;1;1;5;4;5;24;1;1
1;5;5;2;1;3;1;2;2;1;1;5;2;3;43;3;1
1;5;5;2;1;3;1;2;3;1;1;7;3;1;67;5;2
1;5;5;3;.;3;.;2;1;1;2;5;1;3;21;1;2
1;5;4;1;1;3;1;3;1;1;1;5;3;1;47;4;2
4;4;5;1;1;3;2;1;1;2;3;3;1;3;35;3;2
2;1;4;3;1;3;1;3;1;2;1;5;4;3;63;5;1
1;5;3;1;1;3;2;2;2;1;1;5;3;3;48;4;1
.;.;1;1;2;3;2;.;.;1;.;2;1;3;72;5;2
1;4;5;3;1;1;1;1;2;1;1;5;1;1;31;2;2
